ID,Age,Nationality,Score,Preferred Foot,International Reputation,Weak Foot,Skill Moves,Crossing,Finishing,HeadingAccuracy,ShortPassing,Volleys,Dribbling,Curve,FKAccuracy,LongPassing
176580,29,Italy,92,Right,5,4,4,77,94,77,83,88,86,86,84,64
178518,28,Italy,86,Right,3,3,3,73,76,59,84,75,80,73,68,81
181872,29,Italy,87,Right,4,4,3,76,77,81,84,78,76,76,68,82
197445,24,Italy,86,Left,4,4,3,82,63,75,83,68,79,78,83,80
195864,23,Italy,88,Right,4,4,5,78,71,73,85,84,89,84,82,88
173731,26,Italy,90,Left,4,3,4,87,87,86,86,76,89,86,85,80
203551,25,Italy,82,Right,3,3,3,77,76,70,82,87,79,73,79,75
163631,31,Italy,83,Left,3,3,3,88,70,74,81,63,78,81,82,74
177003,30,Italy,89,Right,4,4,4,78,71,55,92,74,86,79,77,83
20801,31,Italy,94,Right,5,4,5,84,93,85,83,88,92,81,76,77
173210,30,Italy,86,Right,3,4,4,76,63,68,87,76,84,78,78,85
139997,34,Italy,81,Right,3,3,3,85,69,60,85,72,72,86,83,87
189332,27,Italy,86,Left,3,3,3,83,73,63,79,60,80,77,64,70
146530,33,Italy,84,Right,4,3,3,86,60,72,81,68,84,80,74,77
162347,29,Italy,82,Right,3,4,3,77,73,68,83,77,81,82,79,81
191740,26,Italy,84,Right,2,4,4,74,71,60,86,67,81,80,65,80
193352,23,Italy,80,Left,3,3,3,87,59,68,80,67,77,82,84,80
189125,26,Italy,83,Right,2,3,3,82,75,58,83,78,84,78,78,81
176676,28,Italy,86,Left,4,4,4,87,67,70,81,54,83,80,67,76
210896,21,Italy,81,Right,2,4,3,79,75,69,83,70,81,75,70,82
219683,21,Italy,81,Right,1,3,3,67,75,82,83,62,77,66,73,82
171875,27,Italy,77,Left,2,2,3,84,67,62,74,76,82,84,84,74
20289,33,Italy,84,Right,4,4,3,67,82,74,86,68,79,80,85,83
167905,30,Italy,82,Right,2,1,3,85,58,64,77,69,82,69,66,69
183711,26,Italy,82,Right,2,3,3,81,67,65,85,72,74,80,74,83
187457,31,Italy,80,Right,2,3,2,78,67,75,83,63,78,76,82,80
185103,30,Italy,80,Left,2,3,2,90,55,79,73,64,78,85,81,77
162240,28,Italy,82,Left,3,2,4,65,66,69,84,77,86,65,55,79
184826,27,Italy,83,Right,2,4,3,78,71,61,83,78,82,77,78,84
184941,27,Italy,88,Right,4,3,4,80,85,70,80,83,89,78,78,73
191043,25,Italy,84,Left,3,3,3,86,57,72,79,68,82,78,59,69
179846,29,Italy,84,Right,3,4,2,72,70,76,85,76,78,68,68,81
204226,26,Italy,74,Right,1,4,3,59,75,70,69,68,74,68,75,63
186143,25,Italy,73,Right,1,3,2,70,58,58,76,69,64,72,73,77
202149,22,Italy,72,Right,1,4,2,60,60,46,73,63,67,66,68,71
169432,32,Italy,73,Left,2,3,2,59,49,59,80,58,70,80,70,76
208620,23,Italy,76,Right,1,4,3,46,53,51,80,54,74,61,68,77
225126,21,Italy,73,Right,1,3,3,69,59,73,75,57,72,65,55,72
194190,27,Italy,72,Right,1,3,3,50,59,63,70,64,75,63,59,62
183730,30,Italy,73,Right,1,4,3,63,58,57,76,56,69,72,64,72
230237,24,Italy,74,Right,1,3,2,65,54,53,74,45,61,79,76,68
199566,25,Italy,70,Left,1,2,3,72,48,55,64,58,70,66,68,72
162780,29,Italy,75,Right,1,3,3,75,68,66,76,65,76,63,65,75
52797,33,Italy,71,Right,2,4,2,68,53,56,78,72,74,83,80,79
178085,28,Italy,76,Right,2,4,3,78,66,59,83,58,72,80,76,82
227055,21,Italy,80,Right,1,3,5,77,66,51,73,74,85,85,60,60
192318,24,Italy,82,Right,4,4,4,77,74,49,85,87,88,80,73,79
176894,32,Italy,75,Right,1,3,4,71,70,65,76,72,77,77,69,70
123621,31,Italy,71,Left,2,2,2,60,59,61,75,73,71,69,61,68
214302,22,Italy,70,Right,1,3,2,62,66,67,73,48,71,50,68,73
209782,23,Italy,77,Right,1,2,4,71,74,38,70,65,85,75,77,71
183871,28,Italy,77,Right,2,3,3,71,71,56,74,68,77,65,61,67
207537,21,Italy,74,Left,2,4,3,70,54,62,65,57,74,53,46,64
188770,25,Italy,77,Right,2,3,3,69,75,60,74,77,83,73,62,63
203505,22,Italy,71,Left,1,4,3,70,61,67,66,45,69,65,57,62
214997,21,Italy,79,Right,1,4,4,64,81,61,65,77,87,82,65,56
177793,27,Italy,69,Right,1,3,3,63,63,60,73,58,63,74,77,72
184716,26,Italy,77,Right,2,3,3,68,68,44,82,38,75,58,50,75
183130,26,Italy,77,Right,2,3,3,83,69,42,72,72,77,82,71,68
228941,20,Italy,78,Right,1,3,3,59,75,77,67,74,77,69,33,58
201139,28,Italy,75,Left,1,4,2,76,48,56,71,50,71,62,55,66
198141,25,Italy,81,Right,2,3,3,50,43,78,79,43,70,56,45,78
218339,20,Italy,79,Right,2,4,4,66,60,42,82,49,81,58,48,78
218936,21,Italy,73,Left,1,3,2,79,53,59,69,60,76,72,74,65
165321,30,Italy,74,Left,2,5,3,72,61,68,70,66,69,69,55,68
154634,34,Italy,73,Left,2,2,2,85,46,58,77,62,70,80,76,77
198335,26,Italy,72,Left,2,3,3,72,61,48,68,58,75,59,63,64
200962,26,Italy,75,Right,1,3,3,66,65,51,77,63,81,75,73,72
199434,27,Italy,80,Left,2,2,4,79,65,63,81,73,83,83,76,77
177610,27,Italy,85,Right,3,3,2,60,55,86,77,61,62,61,45,76
186116,25,Italy,73,Right,1,3,3,66,68,47,73,57,68,69,70,73
176731,30,Italy,79,Right,2,2,2,58,60,87,75,46,65,53,32,72
213582,22,Italy,78,Left,1,2,4,78,77,63,80,83,86,75,74,80
187205,29,Italy,73,Left,1,3,3,73,50,72,70,52,69,63,55,69
156650,30,Italy,74,Right,2,3,3,68,74,76,75,76,75,67,49,71
194365,30,Italy,78,Right,2,4,3,66,75,74,73,75,76,53,50,63
183581,28,Italy,74,Right,1,4,2,60,55,86,70,43,63,40,47,70
197083,28,Italy,79,Right,2,3,3,76,69,56,77,68,83,78,61,64
199060,28,Italy,73,Left,2,3,2,75,53,62,67,63,57,81,75,72
187042,25,Italy,70,Right,1,3,3,65,62,64,68,68,64,60,64,69
177279,28,Italy,72,Left,2,2,3,69,59,47,71,72,69,54,68,71
207707,27,Italy,77,Left,1,4,3,78,57,54,74,44,74,62,49,64
176023,31,Italy,71,Left,1,3,3,80,48,54,69,56,68,71,77,75
159080,29,Italy,71,Right,1,3,3,55,65,56,71,60,66,67,63,68
205524,26,Italy,74,Left,1,3,2,79,50,60,72,30,72,74,75,65
171018,29,Italy,77,Right,2,3,3,64,62,68,82,43,74,66,69,81
203544,27,Italy,73,Left,1,3,3,70,53,53,68,52,68,71,65,65
199809,24,Italy,73,Left,1,3,4,75,68,64,75,69,75,77,74,73
208509,21,Italy,73,Right,1,3,3,73,47,56,70,61,73,69,57,69
214594,24,Italy,74,Right,1,2,3,52,49,59,75,47,64,69,63,69
173245,31,Italy,72,Right,1,3,3,62,60,53,72,71,72,75,77,72
160593,35,Italy,75,Right,1,3,3,78,71,46,76,55,75,78,77,76
184267,26,Italy,82,Right,3,3,4,76,75,46,77,73,89,83,78,70
190919,28,Italy,76,Right,2,4,4,68,75,75,67,79,76,86,76,66
188388,26,Italy,80,Left,2,4,4,82,78,45,81,71,83,79,80,76
208787,22,Italy,74,Right,1,3,3,64,69,63,76,50,75,67,54,71
52126,36,Italy,73,Right,2,3,2,69,63,49,76,60,69,64,71,72
181271,27,Italy,77,Right,1,5,3,82,69,57,79,72,77,82,80,77
179884,29,Italy,75,Left,1,3,2,76,49,43,73,44,72,73,74,68
211454,23,Italy,77,Right,1,3,3,68,57,57,79,39,68,69,61,74
158800,29,Italy,73,Right,1,4,2,69,60,75,74,68,68,54,44,74
177134,31,Italy,79,Right,3,3,3,77,80,78,73,79,72,76,73,65
125871,26,Italy,76,Left,1,2,3,73,52,60,75,42,72,78,32,74
214332,26,Italy,77,Right,1,3,2,62,55,61,76,48,71,57,50,75
170481,29,Italy,83,Right,3,3,2,62,58,85,69,49,62,55,74,72
218623,23,Italy,74,Right,1,3,2,50,62,71,72,72,70,54,46,67
215177,28,Italy,72,Right,1,3,2,66,46,59,77,56,68,59,57,74
156722,32,Italy,75,Right,2,3,2,63,58,70,74,73,61,65,56,71
208927,39,Italy,70,Left,1,3,3,73,43,67,70,43,68,69,69,71
230423,24,Italy,74,Right,1,4,2,56,59,59,75,72,70,65,60,74
208609,26,Italy,73,Right,1,4,2,68,65,53,73,55,73,64,47,72
184001,28,Italy,68,Left,1,4,2,60,51,47,71,65,68,71,67,70
198138,28,Italy,70,Right,1,5,3,66,61,60,71,68,68,63,64,69
191173,29,Italy,74,Right,2,4,3,67,60,71,77,65,70,55,54,70
176992,30,Italy,72,Right,1,3,2,61,48,72,69,62,62,61,62,73
189795,28,Italy,77,Right,2,4,4,69,77,72,71,75,76,67,41,63
163423,30,Italy,72,Right,3,3,3,67,65,74,74,72,73,63,58,72
199584,26,Italy,71,Right,1,3,2,61,58,59,71,74,66,57,62,66
163209,29,Italy,75,Right,2,3,3,59,72,76,72,66,74,67,38,63
212678,22,Italy,72,Left,1,2,2,77,53,41,71,54,68,74,70,68
208574,23,Italy,78,Left,2,2,4,81,68,48,72,68,82,79,66,60
204823,30,Italy,70,Left,1,4,3,62,58,71,67,61,71,71,69,65
192708,26,Italy,75,Right,2,4,4,71,75,72,73,74,72,76,77,75
207876,23,Italy,72,Right,1,4,3,70,67,52,66,60,74,63,65,63
230189,24,Italy,75,Left,1,3,3,77,48,66,75,55,66,61,43,72
219571,22,Italy,76,Right,1,3,3,59,66,57,79,59,72,57,66,74
124388,25,Italy,70,Left,1,2,3,75,61,58,70,56,70,73,72,71
185132,27,Italy,81,Right,2,3,2,47,69,82,84,70,70,31,44,83
201073,25,Italy,77,Right,2,3,3,72,76,67,75,73,79,73,73,69
153938,33,Italy,76,Right,2,3,3,80,56,76,70,43,73,63,57,71
188152,24,Italy,83,Right,3,3,4,70,75,54,83,63,81,77,77,78
195096,25,Italy,74,Right,1,3,3,67,63,74,74,66,73,59,56,75
199952,25,Italy,79,Left,1,3,3,77,75,65,79,70,80,75,79,78
230457,24,Italy,75,Right,1,3,2,62,57,72,76,44,59,57,54,71
148253,32,Italy,75,Right,2,3,3,76,60,58,70,58,64,63,41,71
183354,29,Italy,72,Left,1,3,2,77,52,52,65,53,70,70,67,72
184431,29,Italy,83,Right,2,4,4,73,83,34,79,75,86,86,89,75
157310,30,Italy,74,Left,2,3,3,75,70,55,77,72,75,74,79,76
189135,27,Italy,72,Right,1,4,3,68,67,51,72,69,73,69,65,70
20775,32,Italy,83,Right,3,4,5,88,70,41,79,80,89,92,78,75
134895,31,Italy,74,Right,2,3,3,77,53,67,76,59,73,75,68,69
50327,34,Italy,75,Right,2,4,4,75,67,56,79,73,76,75,76,73
178323,27,Italy,74,Left,1,4,4,72,68,68,71,66,79,72,74,62
227234,19,Italy,76,Right,1,3,2,61,42,74,76,43,71,36,45,72
210111,21,Italy,75,Right,1,3,2,73,63,42,80,54,76,63,58,75
139068,29,Italy,83,Right,3,4,5,82,75,46,81,75,87,86,79,79
215060,25,Italy,71,Left,1,4,3,68,66,62,71,57,74,75,75,68
190223,28,Italy,79,Left,1,4,2,81,41,70,75,50,67,78,33,72
224031,23,Italy,71,Right,1,2,3,68,66,62,64,68,73,58,48,63
192612,28,Italy,73,Right,1,3,3,65,53,65,75,59,71,69,71,75
186537,29,Italy,73,Right,1,3,3,68,74,77,69,73,71,66,57,59
158138,29,Italy,76,Left,2,3,3,77,71,63,77,75,77,77,76,69
20799,33,Italy,73,Right,1,3,2,61,63,74,75,47,67,63,72,73
153066,35,Italy,71,Left,1,4,2,80,52,53,52,48,76,73,68,71
202652,21,Italy,83,Right,3,3,4,72,73,38,81,59,86,64,49,67
222943,24,Italy,78,Left,1,3,3,80,75,44,74,56,74,81,75,73
204970,23,Italy,81,Left,1,3,4,80,74,69,79,67,84,80,54,75
199661,27,Italy,73,Right,1,3,2,57,64,61,71,56,63,53,63,65
202399,31,Italy,73,Right,1,4,2,57,53,59,73,70,67,58,58,70
189105,28,Italy,76,Right,2,3,3,76,59,54,75,65,84,72,68,72
205410,26,Italy,72,Right,1,3,3,70,53,52,72,48,72,80,76,70
200094,23,Italy,72,Right,1,3,2,62,64,57,74,45,74,58,56,71
210214,25,Italy,77,Right,1,3,2,61,73,64,78,54,72,71,57,72
197681,23,Italy,79,Left,1,3,3,62,51,62,83,28,82,65,38,76
207553,25,Italy,71,Right,1,4,2,60,63,42,70,65,68,64,49,71
200107,24,Italy,70,Right,1,3,4,56,65,59,70,54,71,64,66,66
230936,21,Italy,74,Right,1,5,2,72,48,54,80,68,76,74,62,78
230258,28,Italy,76,Right,1,4,2,61,51,56,77,57,77,54,57,75
192128,25,Italy,70,Left,1,3,3,77,36,59,75,60,74,77,72,69
192087,25,Italy,76,Left,1,3,2,72,50,66,71,43,68,67,62,68
181318,26,Italy,76,Right,2,3,3,69,60,60,77,66,76,74,70,77
220295,26,Italy,76,Right,2,3,3,70,75,74,68,61,75,71,65,63
153177,29,Italy,77,Right,2,4,4,66,78,56,72,78,86,81,79,60
193165,23,Italy,80,Right,2,5,4,71,76,68,74,75,90,85,67,68
182945,28,Italy,77,Right,2,3,4,73,73,66,74,70,82,68,74,64
207733,22,Italy,74,Left,1,2,3,66,54,60,74,55,75,66,62,76
137109,32,Italy,75,Left,2,3,3,82,61,63,78,67,68,75,76,85
210537,24,Italy,77,Left,1,3,3,74,70,61,76,79,77,77,72,70
169416,27,Italy,82,Left,3,2,4,78,79,64,79,84,82,80,71,63
188413,29,Italy,73,Right,1,3,2,65,46,55,78,66,67,68,68,74
184749,26,Italy,73,Right,1,3,3,68,65,61,73,64,66,57,57,71
203979,26,Italy,73,Right,1,4,2,44,56,65,71,60,65,42,52,68
158394,29,Italy,73,Left,1,3,2,70,66,58,72,72,67,59,52,60
20800,32,Italy,81,Right,3,4,4,73,75,47,82,68,83,82,72,80
199412,24,Italy,74,Left,1,3,3,74,72,57,72,70,69,63,64,64
161857,29,Italy,72,Right,2,3,3,72,53,58,70,54,71,70,66,65
169638,29,Italy,74,Left,1,3,2,74,48,64,73,32,71,67,68,68
168293,31,Italy,74,Right,2,4,3,74,69,61,77,71,76,76,69,74
167669,31,Italy,77,Right,1,4,3,70,72,62,79,71,75,77,78,75
164568,29,Italy,70,Right,1,4,3,56,61,60,73,72,68,70,69,70
199158,24,Italy,77,Right,1,3,3,48,59,51,77,59,59,59,50,80
205083,27,Italy,75,Right,2,4,4,81,69,49,76,69,76,82,77,75
205818,22,Italy,71,Right,1,4,3,62,55,48,73,57,71,63,55,70
31432,38,Italy,81,Right,3,4,3,67,82,85,60,76,74,78,84,60
212623,20,Italy,76,Right,1,3,3,73,80,59,69,68,78,69,55,65
203344,26,Italy,70,Right,1,3,3,68,68,66,68,67,73,59,66,66
202157,25,Italy,73,Left,1,3,3,72,56,54,73,55,74,72,55,71
212196,21,Italy,74,Right,1,4,4,61,74,51,63,62,80,70,74,62
190559,30,Italy,70,Left,1,4,2,71,61,66,75,68,60,56,74,73
183909,28,Italy,80,Left,2,2,4,80,66,44,76,53,87,84,64,74
192617,27,Italy,70,Left,1,3,2,74,48,53,66,60,67,70,70,59
206631,24,Italy,71,Right,1,4,3,73,64,52,72,50,70,77,70,67
183422,28,Italy,74,Right,1,4,3,63,66,45,74,72,65,66,63,72
183376,27,Italy,81,Right,2,3,2,50,51,73,77,56,69,43,57,74
172768,29,Italy,75,Left,1,4,3,68,63,59,82,55,72,61,68,76
184706,30,Italy,74,Left,1,2,3,78,58,53,74,62,74,54,57,75
204525,25,Italy,81,Left,2,2,2,51,42,76,69,37,53,72,51,77
204838,25,Italy,78,Right,2,4,3,69,75,82,71,79,74,70,45,67
184085,28,Italy,72,Right,1,3,3,63,64,44,78,61,72,74,72,75
148839,32,Italy,77,Right,2,3,2,78,42,63,75,33,72,62,49,68
192387,26,Italy,82,Right,2,4,3,55,86,75,70,81,77,70,51,49
173155,28,Italy,67,Left,1,3,3,68,58,61,69,65,60,65,67,62
191066,25,Italy,73,Right,1,3,2,50,59,63,75,58,69,69,70,69
142499,31,Italy,73,Right,1,4,3,62,56,42,75,55,68,72,73,82
187491,26,Italy,80,Right,1,4,3,56,82,70,77,79,77,78,64,62
191104,36,Italy,73,Right,1,3,2,62,54,59,73,65,69,70,66,75
176137,27,Italy,76,Right,2,4,3,67,80,72,74,83,68,72,70,68
143644,35,Italy,75,Right,1,3,2,66,54,69,75,57,70,70,63,71
216036,26,Italy,72,Left,1,2,2,80,42,76,69,21,76,68,70,69
165153,28,Italy,86,Right,4,4,4,75,87,78,86,79,82,79,73,47
190572,23,Italy,74,Left,1,4,2,77,36,68,61,37,69,72,70,63
224458,19,Italy,76,Right,2,4,4,58,73,68,67,69,83,74,55,64
152880,29,Italy,70,Left,1,2,3,74,60,68,69,68,67,74,69,66
201508,25,Italy,78,Left,2,3,4,74,75,57,80,71,80,79,77,73
177482,30,Italy,74,Right,2,4,2,51,63,72,78,49,69,80,68,73
194329,26,Italy,71,Right,1,4,3,57,53,41,77,52,59,71,67,75
211265,30,Italy,71,Left,1,3,3,72,66,62,73,71,68,70,65,70
210736,21,Italy,76,Left,1,3,2,77,43,59,74,44,76,51,71,66
204757,26,Italy,74,Left,1,3,2,82,49,49,73,44,73,81,59,66
158232,30,Italy,81,Right,3,3,4,69,83,76,78,78,87,72,56,68
186589,27,Italy,77,Right,1,3,2,62,40,72,78,56,67,65,58,78
186748,28,Italy,73,Right,1,3,3,75,52,70,75,50,71,61,73,72
189573,23,Italy,71,Right,1,3,2,75,68,72,66,56,70,68,66,62
184972,29,Italy,71,Right,1,3,2,69,69,76,70,61,64,68,72,68
182495,29,Italy,80,Right,2,3,2,68,37,76,65,65,60,68,41,65
213446,23,Italy,71,Right,1,3,3,79,54,66,72,60,72,75,76,70
181483,31,Italy,75,Right,1,3,2,59,59,71,69,63,55,59,75,66
163187,28,Italy,72,Left,1,3,3,61,65,54,65,55,72,83,69,65
204485,25,Italy,84,Left,3,4,5,80,77,45,80,71,88,79,75,76
193429,25,Italy,72,Right,1,2,2,71,59,52,66,56,71,68,56,59
168799,30,Italy,74,Left,2,3,2,72,40,58,68,58,72,66,52,60
193201,24,Italy,69,Left,1,3,3,70,63,50,65,60,75,72,70,54
210212,25,Italy,75,Right,1,3,3,70,66,56,72,72,77,72,61,65
191783,23,Italy,74,Right,2,4,3,62,65,42,70,68,75,72,66,71
215358,24,Italy,72,Right,1,3,3,62,57,64,70,55,69,59,40,65
173147,29,Italy,71,Right,2,3,3,66,55,67,66,66,70,66,64,69
198836,25,Italy,74,Right,1,3,3,62,51,68,77,47,71,56,54,73
202316,26,Italy,76,Right,2,3,2,77,53,73,75,53,71,63,43,72
178287,27,Italy,72,Right,1,3,3,70,69,63,71,58,74,62,65,68
230257,32,Italy,72,Right,1,4,3,56,66,62,75,56,72,71,74,65
230371,32,Italy,75,Right,1,3,2,72,52,68,73,55,71,61,62,71
165501,32,Italy,79,Right,2,3,2,65,51,80,81,49,59,70,78,82
179681,29,Italy,72,Left,1,3,3,70,51,67,67,50,70,69,60,59
53914,33,Italy,80,Right,2,3,2,55,30,79,71,44,49,55,31,66
200104,23,Italy,80,Right,2,5,4,75,81,65,77,73,83,79,70,62
191198,27,Italy,74,Left,1,2,3,79,51,56,71,58,71,69,63,68
200759,23,Italy,71,Left,1,2,2,64,56,62,65,64,74,62,34,55
233147,23,Italy,69,Right,1,4,3,63,54,34,71,70,69,76,58,66
204923,22,Italy,77,Right,1,4,3,67,73,52,75,74,75,72,63,64
171972,28,Italy,77,Right,1,3,3,66,56,66,78,51,66,54,61,74
211241,24,Italy,73,Right,1,3,3,69,72,57,71,65,74,52,55,56
205070,24,Italy,73,Right,1,4,2,54,69,64,77,51,73,66,64,68
204213,30,Italy,70,Left,1,3,2,67,57,63,68,65,66,58,67,66
54033,29,Italy,76,Right,2,5,3,76,60,72,81,79,68,68,74,79
143283,36,Italy,75,Right,2,3,3,72,72,44,68,65,80,73,60,69
163804,33,Italy,75,Right,2,4,3,73,71,65,76,65,74,73,71,75
198368,28,Italy,75,Right,1,3,3,52,52,67,78,59,73,64,60,76
204612,21,Italy,73,Left,1,2,2,62,56,61,75,60,72,69,67,75
189235,28,Italy,72,Right,2,3,3,62,55,75,74,50,69,64,74,74
215322,22,Italy,72,Left,1,3,3,73,44,55,72,52,70,70,70,63
165531,29,Italy,76,Right,1,3,3,69,75,71,75,56,75,70,54,65
177525,30,Italy,77,Right,2,4,3,78,65,47,77,62,82,75,62,67
200647,28,Italy,80,Left,2,3,4,78,78,58,82,80,83,77,84,74
202884,23,Italy,74,Right,1,4,3,71,62,62,74,59,78,62,41,70
189156,27,Italy,81,Right,2,3,2,61,48,80,78,47,58,39,54,79
192227,24,Italy,84,Right,3,3,2,51,58,81,77,51,53,55,47,69
188768,31,Italy,76,Right,2,3,2,56,43,64,72,43,68,59,55,68
178251,29,Italy,75,Right,2,3,2,72,52,66,75,58,69,61,55,73
189530,28,Italy,73,Right,1,4,2,77,53,64,71,51,70,74,44,67
214026,23,Italy,70,Left,1,2,3,73,54,55,69,43,70,72,68,59
147006,33,Italy,76,Right,2,4,4,78,72,55,69,68,82,81,72,64
192102,26,Italy,74,Left,1,3,2,74,63,46,75,56,70,65,51,65
218359,22,Italy,74,Right,1,3,2,47,54,67,77,53,70,50,42,76
178509,29,Italy,83,Left,3,3,2,63,84,88,77,82,72,70,65,56
189606,28,Italy,78,Right,2,3,2,63,39,69,78,50,65,47,49,73
178556,28,Italy,69,Right,1,4,2,73,60,63,72,55,62,76,75,67
182888,26,Italy,77,Right,2,3,2,66,40,77,73,38,64,64,66,77
194174,24,Italy,79,Right,1,4,3,83,69,34,77,70,83,73,69,76
167664,28,Italy,89,Right,4,4,3,68,92,80,73,88,84,74,62,59
198949,24,Italy,73,Right,1,3,3,76,66,63,73,56,79,58,47,66
193311,27,Italy,75,Right,2,3,2,62,45,57,75,60,67,60,61,72
182882,30,Italy,77,Left,2,3,2,60,48,70,78,43,70,52,58,76
110381,35,Italy,75,Right,2,4,3,76,76,61,78,76,77,76,71,75
216201,22,Italy,80,Right,2,3,4,75,74,67,77,64,80,49,53,66
214006,24,Italy,71,Right,1,3,3,69,61,48,71,64,71,73,74,59
220925,22,Italy,77,Right,1,5,4,74,72,44,75,65,80,69,61,64
172149,29,Italy,71,Right,1,3,2,72,49,65,71,59,60,71,65,72
183899,27,Italy,78,Left,2,2,4,76,73,71,75,72,82,81,58,63
193234,26,Italy,72,Right,1,3,3,66,46,42,74,52,73,66,68,72
146288,32,Italy,73,Right,1,3,3,60,47,59,75,46,61,58,60,65
184703,30,Italy,70,Left,1,3,3,74,67,46,71,73,68,76,75,73
222077,18,Italy,74,Right,1,3,3,66,54,68,78,64,75,64,60,72
193571,24,Italy,73,Left,1,2,4,76,46,57,75,51,76,75,63,66
176687,29,Italy,76,Right,2,3,3,74,29,71,75,32,74,77,65,71
198658,22,Italy,72,Right,1,3,3,60,61,55,74,59,72,65,53,68
214515,31,Italy,70,Right,1,3,3,68,59,58,68,52,64,72,69,67
193172,24,Italy,72,Right,1,4,3,76,67,63,68,57,76,73,77,72
187528,29,Italy,70,Right,1,3,2,70,61,57,67,69,73,72,66,65
214772,25,Italy,70,Right,1,3,2,71,59,56,71,52,72,75,68,66
199763,23,Italy,73,Right,1,3,3,66,57,59,71,59,67,58,50,63
193177,26,Italy,73,Left,1,2,2,73,49,57,65,59,69,65,34,67
146111,31,Italy,75,Right,1,4,3,55,59,55,77,53,60,52,63,73
142950,33,Italy,77,Right,1,3,3,66,68,55,83,66,71,77,55,71
206161,23,Italy,74,Left,1,3,2,73,43,57,69,51,75,67,40,67
212883,21,Italy,74,Right,1,3,2,49,46,71,74,68,69,44,32,71
216320,21,Italy,75,Right,1,3,3,62,60,58,76,49,79,61,42,72
234153,19,Italy,75,Right,1,3,3,69,70,56,77,63,71,69,77,76
216247,23,Italy,73,Right,1,3,2,70,56,70,70,54,66,70,37,72
194885,26,Italy,72,Right,1,2,2,62,44,65,70,56,66,65,65,65
207920,24,Italy,77,Right,2,3,3,76,50,63,73,61,71,60,35,53
179811,28,Italy,70,Right,1,3,2,67,64,59,66,61,66,60,64,62
205598,25,Italy,72,Left,1,2,2,66,61,55,75,58,73,64,62,72
219789,24,Italy,73,Right,1,3,2,76,48,69,72,32,73,71,34,70
200434,25,Italy,72,Right,1,3,2,67,51,64,65,42,76,77,51,62
146377,32,Italy,76,Right,1,5,3,78,61,53,70,67,80,73,61,72
158438,29,Italy,76,Right,2,3,2,59,51,63,75,55,68,57,55,70
138704,31,Italy,72,Right,1,4,3,76,39,57,65,50,69,68,67,69
211408,21,Italy,75,Right,1,3,2,59,60,57,78,37,74,62,35,73
175894,29,Italy,72,Left,1,3,3,75,38,58,72,56,70,63,71,70
177100,30,Italy,72,Left,2,2,2,73,72,71,71,72,69,68,72,66
178311,29,Italy,80,Right,3,4,3,72,81,60,76,76,83,80,78,58
170890,29,France,85,Left,3,2,2,75,65,73,84,72,73,65,52,79
189509,25,France,86,Right,3,3,5,72,69,58,90,90,90,83,77,87
171877,28,France,86,Right,3,4,3,78,78,74,87,79,85,80,72,81
180206,26,France,85,Right,3,4,4,80,70,60,89,71,86,86,91,85
135507,31,France,82,Right,3,4,3,68,70,55,82,76,78,70,71,81
187961,27,France,81,Right,3,3,3,64,72,80,81,75,77,66,72,76
209658,21,France,81,Right,2,4,3,72,68,73,82,68,79,76,72,78
138412,30,France,80,Right,2,4,3,85,68,69,84,79,77,81,77,81
189712,26,France,84,Left,3,3,3,74,68,68,86,63,76,75,74,83
212886,21,France,78,Right,1,3,3,74,74,67,79,60,80,78,79,75
181291,25,France,81,Right,3,3,3,67,76,74,82,73,85,76,70,74
197965,26,France,82,Right,2,4,4,75,78,45,82,77,83,85,76,80
143745,29,France,84,Right,3,4,4,82,72,70,85,80,87,81,64,81
216451,24,France,81,Right,1,4,2,72,69,60,84,47,78,77,81,84
188350,27,France,88,Right,4,4,4,83,84,51,86,88,86,90,84,79
167431,29,France,82,Right,2,4,3,82,69,52,84,65,80,80,74,82
164082,31,France,78,Left,2,5,3,81,59,65,79,53,81,84,69,77
54050,30,France,82,Right,4,4,3,78,82,75,79,85,76,84,81,84
173909,29,France,80,Right,3,4,4,75,73,74,80,83,79,81,71,77
192883,27,France,86,Right,3,5,4,80,77,53,85,81,87,83,64,73
183394,26,France,79,Right,3,2,3,76,72,70,79,67,78,75,74,74
186832,27,France,80,Left,2,3,4,76,63,56,79,76,82,72,68,79
212462,23,France,80,Left,1,2,3,84,50,68,76,66,79,85,77,80
183498,31,France,81,Right,2,4,3,70,70,75,80,76,75,67,55,83
186942,25,France,85,Right,3,4,4,74,69,49,90,75,87,81,74,83
187072,27,France,81,Right,2,4,3,76,83,64,83,86,78,79,69,69
158023,29,France,93,Left,5,4,4,77,95,71,88,85,97,89,90,87
188377,26,France,82,Right,2,2,2,79,51,74,74,57,75,76,71,67
187735,26,France,81,Right,3,3,3,77,73,67,79,73,78,75,76,76
202087,22,France,78,Right,2,4,2,86,51,65,78,66,70,90,84,86
190875,29,France,79,Right,2,3,2,68,65,76,78,68,77,68,70,76
199556,23,France,86,Right,3,4,4,72,52,55,90,64,88,73,64,87
197853,23,France,82,Right,2,3,3,80,65,77,78,50,76,69,30,71
172233,29,France,77,Right,1,4,3,74,56,58,78,77,77,74,69,76
209889,22,France,80,Left,2,3,4,79,72,61,83,76,83,80,77,74
192202,27,France,77,Left,1,3,3,81,72,58,81,82,82,85,83,79
215914,25,France,83,Right,3,3,3,67,65,54,84,56,76,49,49,79
180819,28,France,83,Right,3,5,4,74,79,67,86,72,85,77,66,78
178322,28,France,79,Right,3,5,3,82,67,64,78,66,77,68,74,74
155862,30,France,89,Right,4,3,3,66,60,90,76,66,61,73,67,70
164240,31,France,89,Right,4,3,3,60,38,82,79,63,68,61,73,81
183898,28,France,86,Left,4,2,5,88,74,53,83,77,87,83,72,82
177413,27,France,82,Right,3,3,4,69,71,77,83,67,83,69,68,78
139313,30,France,77,Left,2,2,3,84,57,76,76,70,70,86,80,74
208333,22,France,79,Right,2,4,3,70,60,70,80,61,76,68,65,79
173771,31,France,83,Right,3,4,2,86,65,74,78,67,74,78,47,69
157960,30,France,79,Right,2,4,4,79,71,59,79,69,82,79,70,80
188427,30,France,78,Right,2,4,3,82,66,70,78,65,80,76,61,78
146562,31,France,85,Right,3,5,4,85,77,58,86,72,86,86,78,83
192985,25,France,88,Right,4,4,4,90,83,53,89,82,85,81,84,82
191202,27,France,84,Left,3,3,3,68,64,77,83,74,72,68,67,80
193738,26,France,80,Right,2,4,4,79,73,67,83,69,84,78,78,80
201510,23,France,80,Left,2,3,3,83,71,76,81,61,76,73,53,71
168651,28,France,87,Right,4,3,3,81,83,58,87,80,84,88,84,92
164169,30,France,85,Left,3,3,3,84,59,68,78,56,77,74,75,77
177635,30,France,81,Left,2,3,2,86,58,67,81,47,75,82,59,77
167943,30,France,80,Right,3,4,3,72,69,67,81,73,71,77,77,78
121944,31,France,81,Right,4,3,3,76,69,78,82,82,71,82,78,84
178007,30,France,79,Left,3,3,2,82,61,67,83,70,73,86,84,85
193747,24,France,84,Right,3,4,3,84,71,61,86,56,80,85,76,85
230767,18,France,77,Right,3,4,3,60,65,64,76,68,78,59,68,71
196934,23,France,80,Right,2,4,4,77,72,50,84,72,81,83,77,83
189461,24,France,82,Left,3,2,3,73,64,58,84,64,84,80,72,83
199304,24,France,78,Right,2,4,3,71,61,68,76,72,73,74,76,69
200145,24,France,84,Right,2,3,2,52,59,74,80,53,69,59,74,84
230183,28,France,77,Left,1,5,2,76,54,77,77,71,71,81,77,67
171579,29,France,81,Right,2,3,3,77,73,88,87,55,74,72,68,85
186561,25,France,83,Right,3,3,3,75,73,58,85,79,81,70,70,80
163699,32,France,77,Right,2,3,4,76,71,70,75,69,80,76,67,71
193082,28,France,83,Right,3,3,5,78,71,58,77,73,90,76,69,73
179944,29,France,84,Right,4,3,3,68,56,82,79,67,66,70,76,78
176571,26,France,80,Left,3,3,3,80,75,78,78,65,80,74,57,71
146954,32,France,82,Right,3,3,2,67,67,51,85,64,74,86,75,84
158963,30,France,82,Right,3,4,3,74,52,54,83,78,76,71,76,82
2492,32,France,77,Left,2,3,3,76,60,69,70,65,71,64,69,67
213565,20,France,80,Left,2,2,3,78,75,54,80,64,83,79,81,71
193283,24,France,78,Left,1,5,2,67,71,75,78,61,72,71,68,76
188545,27,France,90,Right,4,4,3,62,91,85,83,86,85,77,76,65
206545,24,France,82,Right,2,4,4,69,71,76,86,63,81,78,69,82
212622,21,France,80,Right,2,4,3,79,66,70,84,61,77,76,61,80
210282,26,France,79,Right,2,3,3,74,53,60,76,73,83,69,59,66
184999,27,France,76,Right,1,4,3,65,65,66,82,70,77,77,78,77
198113,26,France,79,Right,2,4,3,75,65,67,80,73,78,72,61,75
205498,24,France,81,Right,2,3,3,70,57,56,85,71,77,75,76,84
53302,32,France,83,Right,3,4,2,57,50,81,82,74,64,62,71,82
162895,29,France,86,Right,4,3,3,85,76,74,91,81,80,77,81,90
41236,34,France,90,Right,5,4,4,76,90,80,84,93,85,82,82,76
198710,24,France,87,Left,4,3,4,88,82,62,84,91,84,87,86,80
193348,24,France,82,Left,3,4,4,74,74,37,80,76,84,82,78,75
216352,23,France,81,Right,2,4,3,72,66,62,83,65,81,79,74,81
210514,22,France,79,Right,1,3,3,81,59,64,78,55,81,81,69,73
199626,26,France,79,Right,2,4,3,65,75,65,82,65,79,78,61,78
201118,24,France,79,Right,1,4,2,79,57,65,75,68,76,66,64,69
195861,26,France,80,Left,2,3,2,68,57,68,78,53,69,75,77,84
193361,25,France,80,Right,2,4,3,76,73,65,84,75,82,79,56,78
212814,23,France,83,Right,3,4,3,77,72,55,83,69,84,74,67,78
188086,27,France,74,Left,2,2,2,76,61,53,70,71,75,81,76,73
205600,22,France,83,Left,3,3,2,69,51,72,79,70,69,72,63,73
182744,32,France,77,Left,1,2,3,77,61,74,70,50,73,69,71,69
196432,30,France,78,Right,2,4,3,66,66,58,85,58,67,62,63,73
178415,28,France,78,Right,2,4,2,76,74,70,79,71,67,75,77,77
210243,22,France,79,Right,1,4,3,80,60,65,80,53,83,76,42,78
187736,27,France,79,Right,1,4,3,76,76,60,84,66,80,64,71,80
191210,25,France,78,Right,2,3,3,79,58,68,76,58,75,78,80,74
203535,21,France,77,Left,1,4,3,75,62,60,78,68,77,70,68,76
172522,27,France,80,Right,2,3,3,78,69,67,82,69,80,79,83,77
178562,28,France,84,Right,3,4,4,80,65,45,88,65,85,83,81,85
177600,29,France,82,Right,2,3,2,81,69,47,85,61,73,83,84,86
155887,28,France,78,Right,2,3,2,74,61,64,82,71,76,74,71,80
183256,25,France,77,Right,1,4,3,78,73,77,78,69,79,73,76,77
182521,26,France,88,Right,4,5,3,85,75,54,89,82,78,85,84,93
202371,24,France,79,Right,1,4,3,79,71,71,77,68,79,69,56,72
216393,19,France,79,Right,2,5,3,76,73,57,77,78,76,84,74,81
187492,29,France,75,Left,2,2,3,80,68,75,76,53,74,73,78,77
205995,22,France,77,Left,2,4,4,84,54,67,77,53,77,84,65,68
192575,25,France,75,Right,2,3,3,69,60,70,76,72,76,64,50,72
190149,27,France,81,Right,2,3,3,78,59,59,77,57,76,77,53,69
201942,24,France,83,Right,2,4,4,72,82,73,83,78,87,80,67,76
159240,33,France,81,Right,2,4,3,84,78,50,82,53,79,77,83,83
183916,27,France,75,Right,1,3,3,78,68,71,77,69,75,75,73,75
194765,25,France,88,Left,4,3,4,82,88,80,79,87,87,84,75,75
199914,25,France,80,Right,2,3,3,70,62,59,80,56,77,65,49,76
167514,31,France,80,Right,2,3,2,78,58,72,76,64,76,72,66,74
203483,23,France,81,Right,2,3,2,63,80,74,81,82,72,62,44,76
202135,23,France,77,Right,2,3,2,68,57,56,77,74,76,64,64,75
173221,29,France,81,Right,2,4,4,86,74,55,81,75,83,76,71,73
198164,26,France,82,Right,1,4,3,75,78,41,85,57,88,80,76,76
169595,25,France,81,Left,2,3,3,80,57,60,75,64,79,64,57,66
176930,29,France,80,Right,1,3,2,74,52,63,84,66,72,83,82,81
184432,26,France,83,Right,2,3,3,79,46,73,80,54,70,66,58,74
210008,21,France,81,Left,2,3,2,69,66,75,84,68,79,67,57,79
171897,29,France,80,Left,3,2,3,73,58,55,84,69,80,70,71,82
190483,25,France,83,Left,3,3,5,77,71,58,78,73,87,79,78,71
143587,32,France,80,Right,2,4,4,81,69,58,80,75,79,85,82,78
184949,30,France,79,Right,1,3,3,83,54,66,76,58,71,82,56,73
154950,32,France,77,Left,2,2,3,81,63,57,77,67,80,78,76,72
190871,24,France,92,Right,5,5,5,75,89,62,81,83,96,81,84,75
184200,27,France,82,Right,3,4,4,83,75,72,79,79,84,79,74,74
172143,30,France,79,Right,2,3,3,82,72,60,83,82,74,84,85,75
188154,25,France,77,Left,2,4,3,77,65,60,80,69,78,78,75,78
189595,26,France,77,Right,2,5,3,74,65,60,77,77,78,88,87,76
161956,31,France,83,Right,2,4,4,78,67,60,89,70,86,78,76,86
192789,25,France,81,Right,2,3,2,79,68,64,75,77,73,75,54,69
193061,25,France,81,Right,2,4,4,78,61,60,83,74,84,78,72,77
188942,25,France,80,Right,2,3,2,63,63,73,75,62,74,62,57,68
230337,28,France,75,Left,1,3,2,75,60,60,75,59,76,84,77,72
108080,32,France,83,Right,3,3,2,82,50,72,77,62,76,68,66,71
209499,22,France,81,Right,2,2,3,79,66,75,79,30,75,71,45,74
198133,24,France,73,Right,1,3,3,77,67,63,73,71,74,77,75,71
205407,24,France,79,Right,1,3,3,74,67,64,82,73,80,79,73,78
170815,28,France,77,Right,2,3,3,74,66,62,78,64,74,70,72,77
211575,22,France,83,Right,3,4,3,61,68,69,85,63,82,82,68,84
192841,31,France,78,Right,2,3,3,78,66,58,78,74,82,76,72,70
138699,30,France,78,Right,2,4,3,75,70,62,78,75,76,79,70,74
223517,20,France,76,Right,1,2,2,60,59,76,77,46,76,68,79,69
184484,26,France,82,Right,3,3,3,82,81,60,83,75,78,86,88,77
201262,25,France,79,Right,2,3,3,75,72,41,81,65,79,78,67,75
223848,21,France,79,Right,1,4,3,56,68,86,78,68,80,72,66,76
211354,22,France,79,Right,1,3,3,72,63,72,82,70,78,71,65,76
193301,25,France,85,Right,3,4,4,70,87,72,80,82,85,74,77,68
150590,32,France,77,Right,2,3,2,76,57,71,79,70,70,74,66,75
212523,22,France,78,Left,2,4,3,76,77,74,76,76,77,86,87,77
189681,25,France,79,Right,2,3,3,79,49,62,76,59,77,75,51,69
182862,32,France,79,Right,2,3,2,78,58,67,76,57,77,66,50,70
186351,26,France,77,Right,2,4,3,68,71,80,79,66,78,49,44,76
181458,27,France,84,Right,3,5,4,84,78,78,81,80,84,73,76,73
196143,28,France,78,Right,1,4,4,69,78,51,69,77,79,76,75,70
183277,25,France,89,Right,4,4,4,80,81,57,84,79,93,82,79,80
183108,29,France,80,Right,1,2,4,78,76,68,79,73,84,77,68,67
201042,23,France,79,Right,2,4,2,79,70,66,76,42,76,77,73,70
180216,27,France,82,Right,2,3,3,81,65,67,77,64,78,42,35,70
179813,29,France,86,Right,4,3,3,70,85,88,75,84,80,75,74,50
224334,24,France,79,Left,1,3,4,85,67,55,76,67,79,78,78,71
183427,26,France,78,Left,2,3,3,69,63,53,80,59,83,72,48,76
190815,26,France,81,Left,3,4,2,77,46,71,81,62,73,80,62,81
158375,29,France,75,Left,1,4,3,72,53,65,74,61,74,68,65,73
187366,29,France,78,Right,1,4,3,70,73,68,80,65,74,45,59,75
207439,22,France,77,Right,2,4,4,74,55,60,83,73,77,79,71,80
198648,28,France,76,Right,2,4,3,76,70,57,80,65,73,75,76,82
41,32,France,88,Right,4,4,4,77,70,54,92,74,90,80,70,86
189234,26,France,77,Right,2,3,3,76,73,52,74,68,77,70,76,72
216150,24,France,79,Right,2,2,2,78,60,68,72,68,76,72,59,66
158626,30,France,79,Right,3,3,3,79,59,74,75,62,72,74,61,73
190717,26,France,80,Right,1,4,4,73,74,88,71,69,82,66,60,67
158851,32,England,75,Left,2,2,3,79,67,64,69,52,74,77,70,66
197781,24,England,85,Right,3,3,4,72,82,55,86,64,90,86,74,84
201400,23,England,80,Left,2,4,4,72,74,55,86,76,87,75,61,74
189596,26,England,86,Right,4,4,3,74,87,82,81,83,75,81,59,68
188567,27,England,87,Right,3,4,3,77,88,79,77,86,82,78,74,64
177553,30,England,79,Right,2,4,4,76,73,42,76,65,83,74,67,70
184120,32,England,84,Left,3,3,3,60,66,61,87,48,75,72,77,86
199170,24,England,74,Right,1,3,3,73,70,70,76,69,76,64,60,71
177388,29,England,85,Right,3,4,4,86,76,59,86,79,89,90,91,84
225199,20,England,78,Right,1,4,3,73,67,49,81,63,76,72,54,73
210538,26,England,75,Left,1,4,2,77,68,61,84,65,71,75,80,78
177358,26,England,82,Right,2,3,2,65,64,71,83,56,75,68,61,79
146760,31,England,83,Right,3,3,3,83,54,55,75,49,77,80,59,66
191180,27,England,83,Right,3,4,4,77,73,63,87,78,88,83,69,83
182860,31,England,74,Right,1,3,2,74,51,75,76,69,71,73,69,74
164459,31,England,75,Right,2,3,2,90,72,66,76,74,74,86,84,74
9014,32,England,87,Left,4,2,4,80,84,51,84,86,91,86,83,71
189513,27,England,81,Right,2,4,3,84,75,63,90,72,75,82,86,87
212501,21,England,78,Right,1,4,2,71,63,79,78,69,66,72,73,76
165174,30,England,77,Right,2,4,2,67,63,67,74,71,65,74,71,71
199042,27,England,78,Right,2,4,3,78,67,53,83,68,73,72,76,81
205069,23,England,79,Left,2,3,3,82,57,53,80,59,84,76,51,72
192638,25,England,79,Left,2,3,3,78,62,70,75,52,78,65,73,72
191053,28,England,77,Right,2,3,2,69,58,58,79,60,71,52,52,77
201862,26,England,83,Left,3,2,3,75,52,83,72,49,69,67,57,73
189251,26,England,79,Right,2,3,3,73,63,59,81,66,78,78,76,79
222558,21,England,78,Right,1,4,2,78,53,69,72,66,76,60,60,74
201454,25,England,79,Left,2,4,2,80,54,70,74,52,74,73,68,70
188696,27,England,73,Left,1,3,3,77,59,68,73,69,69,74,75,72
211117,20,England,82,Right,2,3,3,68,81,72,83,72,81,67,53,74
220245,23,England,75,Right,1,2,3,72,65,59,75,71,76,75,59,75
189560,28,England,82,Right,2,4,2,53,72,81,81,66,67,66,70,82
134744,33,England,80,Right,2,4,3,70,63,75,85,63,74,67,64,76
172175,28,England,82,Right,2,4,4,82,78,64,80,76,84,77,76,77
208421,21,England,80,Left,2,4,3,69,67,83,85,30,81,63,60,78
186347,26,England,73,Left,2,3,3,76,66,52,73,65,74,77,78,64
170368,24,England,81,Left,2,2,4,77,75,71,83,80,86,83,79,73
181783,30,England,83,Right,3,3,3,68,84,90,75,86,74,60,45,51
190799,28,England,78,Right,2,4,3,62,75,68,78,72,71,68,69,79
178487,29,England,73,Right,2,3,2,70,64,68,71,71,67,70,76,74
193886,26,England,80,Left,2,3,3,75,81,58,78,73,79,78,74,74
169195,28,England,80,Right,2,4,4,79,65,57,81,77,85,80,75,81
212811,22,England,77,Right,2,3,3,72,55,56,81,68,78,68,68,77
172871,29,England,83,Left,3,3,2,68,60,82,78,52,70,58,73,74
198760,24,England,75,Right,2,3,3,66,60,54,78,68,74,70,66,74
199827,29,England,80,Left,1,3,4,54,69,53,82,69,81,75,69,80
177159,28,England,79,Right,2,4,3,79,70,60,79,66,79,72,57,72
142800,35,England,75,Left,1,2,2,84,61,61,75,62,66,78,77,73
203627,27,England,78,Left,2,2,4,73,74,63,77,68,76,76,76,74
187347,27,England,81,Right,2,3,2,80,61,69,80,57,72,49,46,76
161648,29,England,83,Left,3,4,5,77,79,65,79,75,91,80,75,78
230360,28,England,77,Right,1,3,3,76,69,60,76,71,76,76,68,59
153079,28,England,89,Right,4,4,4,70,90,68,79,85,89,82,72,63
199564,24,England,80,Right,1,3,3,81,64,61,85,46,74,70,61,77
161805,31,England,77,Right,2,4,2,69,56,68,75,69,69,70,69,72
192557,24,England,77,Left,2,3,3,86,43,58,78,54,75,83,87,69
221000,25,England,77,Right,1,3,3,71,74,59,76,65,79,78,65,71
200610,23,England,80,Left,2,3,3,78,80,69,81,76,79,79,76,67
179696,27,England,76,Left,2,2,3,78,50,72,76,64,73,59,68,73
211907,28,England,75,Right,2,4,3,68,63,59,78,59,73,70,71,74
173030,28,England,77,Right,1,4,4,74,72,66,78,72,82,74,72,72
183346,27,England,76,Right,1,3,2,74,68,71,78,76,70,71,65,74
211688,21,England,79,Left,2,3,2,81,56,60,78,59,77,80,49,75
199823,23,England,77,Right,1,3,3,73,64,65,81,57,75,81,80,76
202934,23,England,75,Right,1,3,3,67,51,53,76,68,72,75,60,76
208334,26,England,81,Left,3,3,3,79,55,73,79,51,74,65,65,75
176915,30,England,81,Right,2,3,3,70,69,59,82,57,78,65,61,81
188253,25,England,81,Right,2,4,3,68,57,63,82,61,78,64,64,81
211110,22,England,86,Left,3,3,4,78,88,68,83,88,91,88,84,67
223154,21,England,76,Right,1,3,3,68,62,70,76,55,74,67,65,76
173208,29,England,79,Left,2,3,2,74,56,66,77,62,72,71,51,75
199767,23,England,77,Right,1,4,3,70,77,72,79,72,73,66,62,77
142784,31,England,80,Right,3,3,3,75,49,76,72,53,73,68,66,64
199792,26,England,74,Right,1,3,3,64,56,58,74,66,68,71,65,76
149184,34,England,75,Right,2,2,2,77,67,74,74,79,70,71,55,72
197081,24,England,76,Right,1,3,3,75,65,51,74,71,80,76,77,73
190456,25,England,82,Right,2,2,3,80,54,66,76,45,77,64,39,67
205201,22,England,75,Right,1,4,2,67,65,73,75,70,72,72,65,72
49116,33,England,75,Left,2,3,3,73,43,57,75,63,74,74,62,68
188135,27,England,78,Right,1,3,3,81,57,68,72,53,71,64,60,67
187754,28,England,82,Left,2,3,5,76,76,53,81,66,87,80,71,73
186982,27,England,73,Left,1,3,3,76,56,65,68,60,73,76,77,67
190502,26,England,76,Right,2,4,3,72,60,67,78,65,70,72,73,78
223188,26,England,77,Right,1,2,3,78,49,64,74,55,78,76,42,72
208830,29,England,81,Right,3,3,3,63,84,64,66,75,75,59,48,48
190761,25,England,77,Right,1,4,3,74,64,58,80,68,80,76,73,76
171688,28,England,77,Left,3,2,3,77,65,71,75,64,81,78,60,69
192587,25,England,75,Right,2,3,3,68,64,70,77,60,74,69,65,74
170370,26,England,80,Right,1,4,3,83,62,57,84,73,80,80,76,78
192838,27,England,77,Right,1,3,3,74,52,68,69,62,74,68,58,65
221695,20,England,75,Right,1,2,2,74,58,56,78,58,76,68,60,76
152567,30,England,73,Right,1,3,3,60,59,65,73,66,59,61,59,68
147782,32,England,79,Right,2,3,2,67,63,59,80,60,73,62,54,74
200458,22,England,79,Left,2,3,3,78,52,64,80,45,73,68,57,69
186132,26,England,80,Right,1,4,3,64,61,61,81,63,73,70,69,83
175895,27,England,77,Right,1,4,3,70,69,68,82,66,76,64,71,78
210761,22,England,74,Right,1,4,3,74,61,58,75,73,75,70,54,72
186992,27,England,75,Right,1,4,3,69,57,68,79,67,71,74,63,72
205510,31,England,78,Right,2,4,3,72,69,69,74,75,75,71,69,73
193525,25,England,80,Right,2,3,2,76,56,73,78,52,73,66,39,70
188556,29,England,74,Right,2,3,3,63,64,74,75,68,80,69,29,72
178160,29,England,76,Left,1,2,2,68,66,66,78,65,69,72,79,78
124635,30,England,80,Right,2,5,2,56,58,76,78,54,72,60,54,76
144622,31,England,82,Right,2,4,4,73,81,63,84,75,87,80,73,77
192679,26,England,79,Left,1,2,3,81,42,63,75,47,67,72,69,77
172517,28,England,74,Right,1,4,3,70,65,55,74,59,75,66,73,68
201884,24,England,76,Left,1,4,3,80,66,53,71,62,75,81,78,75
204102,22,England,76,Left,1,3,3,83,65,56,75,66,79,74,71,72
176546,30,England,73,Right,2,2,4,76,56,54,74,66,80,74,59,70
201995,23,England,81,Right,2,4,4,79,71,44,78,68,87,71,69,74
188337,25,England,75,Left,1,2,2,74,55,47,74,77,73,66,57,69
219470,30,England,78,Right,1,2,2,68,73,88,79,55,66,60,49,82
230251,28,England,75,Right,1,3,2,52,68,73,74,67,71,64,68,72
188155,26,England,77,Right,2,3,3,73,55,70,70,67,74,64,56,68
52091,35,England,82,Left,3,2,3,80,33,80,75,53,74,76,51,69
190460,24,England,86,Right,3,5,4,85,76,52,89,69,84,85,87,86
213991,21,England,75,Right,1,4,2,69,56,58,76,53,71,67,68,71
212198,21,England,77,Right,2,3,3,70,64,58,78,74,79,69,69,76
168883,31,England,74,Right,2,3,3,61,69,70,75,61,68,70,74,72
192242,27,England,75,Left,1,3,3,75,73,66,76,73,73,71,63,75
192073,25,England,77,Left,2,3,3,72,65,64,80,69,79,70,64,76
193130,25,England,81,Right,3,4,3,76,80,63,77,82,82,80,68,59
216380,20,England,75,Left,1,3,3,75,57,68,77,69,78,75,65,65
124607,31,England,78,Right,2,4,3,79,71,64,83,71,75,84,87,80
214955,27,England,77,Left,1,2,2,68,55,75,73,60,72,64,50,67
186274,26,England,74,Left,2,4,3,78,62,57,73,61,72,75,76,72
153179,32,England,79,Right,1,4,4,80,73,79,83,72,80,76,78,80
158905,29,England,76,Right,2,4,2,71,61,68,80,65,74,60,74,76
164491,29,England,75,Left,2,3,2,77,40,68,75,65,76,79,78,73
188803,28,England,82,Right,2,3,4,73,76,58,77,82,87,52,73,75
186452,27,England,76,Right,2,4,2,63,77,82,76,81,73,66,69,77
198705,23,England,74,Right,2,4,4,71,68,58,72,58,78,70,63,67
144200,25,England,74,Left,1,3,3,83,60,55,74,72,74,82,78,70
211300,20,England,82,Right,3,4,4,73,80,70,75,74,88,76,54,58
210035,20,England,78,Left,1,2,3,78,49,52,73,56,81,75,80,68
189506,28,England,77,Right,1,3,3,68,57,59,85,51,65,72,69,77
200949,23,England,82,Right,3,3,4,75,72,50,77,70,88,69,74,74
152514,30,England,74,Left,1,2,3,76,69,49,75,68,74,75,76,76
190971,30,England,77,Right,1,4,2,47,50,66,84,69,77,66,51,79
216189,24,England,77,Right,1,4,4,75,56,57,73,52,75,51,58,55
203890,24,England,79,Right,2,3,2,82,44,69,74,53,72,70,57,68
206511,22,England,79,Left,2,3,3,63,77,54,80,86,78,73,59,77
159147,30,England,82,Right,2,3,2,69,64,80,74,44,62,59,51,77
193171,28,England,79,Left,1,3,3,79,53,66,78,38,69,67,59,65
173306,29,England,79,Left,2,5,3,78,57,67,76,51,78,69,45,74
223017,24,England,75,Right,1,3,3,77,60,52,73,65,77,74,76,66
214771,28,England,73,Right,1,3,2,74,56,66,72,53,69,78,79,75
199663,24,England,75,Right,1,3,2,69,54,75,76,61,69,63,67,78
193158,24,England,78,Right,2,3,3,58,66,65,78,72,73,74,71,71
184942,26,England,82,Right,2,3,4,74,78,59,79,66,84,68,69,75
80,35,England,77,Left,2,3,2,78,68,43,83,69,75,81,80,84
177457,27,England,82,Right,3,3,2,69,59,78,79,57,72,49,47,74
180403,27,England,85,Right,3,4,4,75,75,29,82,59,87,80,85,77
181269,30,England,74,Left,1,2,4,74,61,55,69,51,72,67,68,67
213296,21,England,79,Left,1,3,4,65,62,48,82,67,81,69,56,76
189242,24,England,86,Right,3,4,4,77,73,47,85,75,88,84,79,78
162329,31,England,79,Right,2,2,3,60,54,60,83,65,73,68,50,82
189423,27,England,78,Right,2,4,2,68,65,77,76,44,71,68,61,73
147621,31,England,79,Right,2,3,3,80,74,59,80,61,74,86,79,69
193474,26,England,82,Right,1,3,2,60,50,69,80,32,75,33,43,76
169808,30,England,73,Left,2,3,3,76,60,56,73,68,78,79,74,70
216158,23,England,77,Right,1,3,2,82,58,68,75,48,77,67,56,73
204614,25,England,78,Left,2,3,2,77,27,60,73,53,73,63,60,71
205566,23,England,76,Left,1,3,2,79,65,61,74,35,77,59,40,64
202642,24,England,79,Right,1,3,3,60,63,62,78,45,58,52,69,82
206225,25,England,79,Left,2,3,3,80,74,54,76,68,80,74,61,68
204963,24,England,84,Right,2,3,2,83,41,65,81,34,76,72,47,71
197813,26,England,76,Right,1,4,3,74,70,57,80,63,73,72,67,75
207410,22,England,81,Right,1,4,4,73,58,42,87,76,88,78,68,79
176600,29,England,83,Right,3,3,3,70,86,67,79,78,76,76,70,72
189165,24,England,77,Right,2,3,2,73,67,69,82,56,74,66,73,84
21146,34,England,82,Right,3,3,2,72,59,73,87,67,71,68,59,85
176376,31,England,80,Right,2,4,5,68,81,34,76,77,85,82,59,71
206591,22,England,77,Right,2,4,4,77,62,58,79,56,84,65,52,63
174549,30,England,78,Right,2,4,5,78,62,50,80,70,89,80,82,76
202493,26,England,76,Right,2,4,3,75,67,58,78,48,81,69,46,64
213209,20,England,72,Right,1,5,3,69,60,66,70,55,69,77,73,69
200215,25,England,78,Right,2,3,3,69,55,66,75,55,72,51,57,72
205633,27,England,77,Right,2,3,3,78,60,58,78,67,80,76,68,74
202126,22,England,85,Right,3,3,3,70,88,83,75,70,77,71,66,67
182152,27,England,76,Right,2,4,4,72,74,66,75,75,80,76,72,71
188194,27,England,69,Left,1,2,3,70,61,55,65,68,73,84,78,67
152879,29,England,77,Right,2,3,3,71,61,62,79,69,74,71,67,78
180754,35,England,73,Right,2,3,2,76,70,74,76,68,73,85,83,77
152536,29,England,72,Left,1,2,3,68,70,76,67,68,66,58,67,68
194958,25,England,77,Right,1,4,3,74,69,46,79,65,74,73,73,79
133249,32,England,75,Left,2,3,3,72,51,66,79,64,74,74,72,77
195365,25,England,82,Right,2,4,4,64,65,34,84,58,86,76,64,78
204539,26,England,72,Right,1,4,3,72,58,59,67,59,76,77,69,65
210406,22,England,79,Right,2,5,4,77,64,52,81,70,82,80,65,77
187052,26,England,79,Right,2,3,2,62,56,61,82,56,73,70,67,81
215079,30,England,77,Right,1,3,3,69,61,58,78,39,69,65,72,76
208230,27,England,77,Right,2,3,3,63,64,78,73,57,72,72,73,69
202061,27,England,75,Right,1,3,3,67,50,65,77,66,69,68,70,75
187936,27,England,83,Right,2,3,3,59,64,79,82,55,72,73,42,78
150516,31,England,80,Left,3,2,3,75,82,65,77,89,78,80,75,64
187800,28,England,76,Right,2,3,3,80,50,52,75,58,76,80,64,73
200888,24,England,83,Right,2,3,2,50,56,77,81,56,77,48,53,79
158127,33,England,76,Right,2,4,3,76,66,63,80,67,71,61,77,76
183574,28,England,81,Left,2,4,3,81,81,59,83,79,81,76,69,78
184087,27,England,85,Right,3,3,2,64,45,83,77,38,61,63,69,81
112847,34,England,73,Right,2,4,2,66,62,73,71,65,68,65,60,75
173370,31,England,75,Right,2,4,3,69,64,56,76,74,74,76,74,73
177953,28,Brazil,75,Right,2,3,2,72,63,73,79,59,71,70,72,75
157430,31,Brazil,75,Left,2,2,3,83,70,55,77,71,74,89,87,78
197777,24,Brazil,73,Right,1,4,2,74,51,64,72,70,73,71,69,70
230250,24,Brazil,74,Right,1,2,2,59,58,68,74,60,67,82,49,77
208535,23,Brazil,76,Left,2,3,3,73,50,68,79,58,71,64,50,74
163419,33,Brazil,81,Right,3,4,3,74,40,79,70,56,74,66,47,64
189221,27,Brazil,75,Right,1,3,3,76,57,70,75,60,74,70,58,76
196069,31,Brazil,75,Right,1,4,3,78,61,63,72,57,79,65,59,68
199601,23,Brazil,74,Right,1,4,3,66,64,76,77,52,75,71,74,75
201043,25,Brazil,74,Right,1,4,3,65,56,54,72,68,79,64,68,67
182896,27,Brazil,77,Right,2,3,3,78,51,60,75,54,77,75,54,68
192767,26,Brazil,70,Right,1,3,3,72,65,70,63,67,70,62,57,59
151508,31,Brazil,77,Right,2,3,3,75,58,53,80,64,76,73,69,77
158372,30,Brazil,79,Right,2,4,4,78,71,46,81,72,80,79,75,74
206273,25,Brazil,81,Right,2,4,4,74,75,55,80,69,82,77,70,72
230437,32,Brazil,73,Right,1,3,2,70,69,66,73,67,74,74,75,74
155976,30,Brazil,76,Left,2,3,3,82,74,69,81,75,72,79,76,81
202562,23,Brazil,75,Left,1,3,2,72,59,67,74,57,73,73,56,69
178603,27,Brazil,88,Right,4,3,2,64,55,90,78,60,68,65,53,82
223273,21,Brazil,76,Right,1,4,3,68,66,65,78,69,77,69,59,74
208722,24,Brazil,82,Right,3,3,4,72,81,53,76,66,85,74,64,72
205988,20,Brazil,79,Left,2,2,2,78,44,67,75,58,79,63,58,64
186581,30,Brazil,78,Left,3,3,4,78,60,72,80,72,83,86,84,82
220971,21,Brazil,80,Right,1,3,4,62,69,42,82,55,85,63,47,76
193532,28,Brazil,82,Right,3,4,2,55,31,68,78,61,68,35,45,76
211385,22,Brazil,73,Left,1,3,4,75,53,66,70,54,73,72,71,63
183287,29,Brazil,75,Right,2,3,2,72,58,67,76,67,69,60,55,72
169590,28,Brazil,77,Right,2,4,2,77,57,65,82,66,72,61,71,81
190765,25,Brazil,76,Right,2,4,3,78,65,53,79,61,72,81,77,76
198240,26,Brazil,74,Left,1,3,2,76,58,61,72,54,62,75,73,68
192427,27,Brazil,74,Right,2,4,3,73,43,44,75,51,76,74,73,65
176944,28,Brazil,79,Right,3,3,3,61,70,91,78,71,72,62,46,66
137782,31,Brazil,76,Right,2,4,3,75,58,68,75,56,78,69,54,70
206467,23,Brazil,79,Right,1,3,3,76,80,72,76,81,76,77,74,69
190549,23,Brazil,75,Right,1,3,3,65,76,72,76,68,71,47,56,65
192098,25,Brazil,74,Right,1,4,4,58,61,68,74,58,75,48,64,67
198140,25,Brazil,78,Right,2,4,3,65,81,76,70,74,75,75,58,65
138123,35,Brazil,77,Left,3,4,2,70,68,70,79,75,67,67,59,73
188791,31,Brazil,74,Left,2,2,3,68,59,72,77,65,70,74,78,76
201519,23,Brazil,77,Right,1,3,3,78,73,53,79,70,75,69,73,76
189615,26,Brazil,76,Left,1,3,2,80,53,58,72,45,76,75,69,68
223198,22,Brazil,73,Left,1,3,2,74,54,62,70,56,76,66,74,68
191005,28,Brazil,74,Right,2,3,3,78,65,70,77,60,75,75,71,69
191725,31,Brazil,76,Right,2,3,4,76,68,55,76,72,75,82,80,78
208141,22,Brazil,77,Left,1,4,3,64,68,77,82,52,80,74,73,71
199189,22,Brazil,81,Right,2,5,3,65,69,65,84,61,85,68,70,78
171378,30,Brazil,76,Right,2,3,2,76,59,68,70,64,68,67,51,70
188005,26,Brazil,81,Right,2,3,2,50,58,83,81,52,64,62,59,74
183465,25,Brazil,75,Right,2,4,3,68,69,78,75,66,72,66,47,72
137089,37,Brazil,75,Right,2,4,3,80,69,71,80,81,77,77,82,68
9676,35,Brazil,81,Right,3,3,4,69,82,73,76,80,80,78,72,71
230977,22,Brazil,79,Left,1,2,4,70,73,43,79,75,80,74,70,70
186345,25,Brazil,77,Right,1,4,3,86,45,69,71,44,72,79,68,74
209781,29,Brazil,74,Left,1,4,3,75,68,55,73,79,76,68,74,69
189043,27,Brazil,75,Right,1,4,3,76,54,68,70,59,73,75,70,66
186651,28,Brazil,72,Left,1,3,3,75,64,65,68,69,78,77,70,67
207984,21,Brazil,73,Left,1,3,3,71,65,65,71,67,72,74,74,70
223695,27,Brazil,76,Right,1,3,2,61,65,70,75,65,70,62,68,67
205569,21,Brazil,76,Right,1,3,3,88,53,57,81,51,71,86,79,80
193337,25,Brazil,73,Left,1,3,3,68,55,50,76,62,75,52,56,68
208461,25,Brazil,75,Right,2,3,2,63,62,71,75,62,65,57,43,73
193116,27,Brazil,80,Right,2,4,2,61,55,75,78,60,67,57,57,75
201953,26,Brazil,72,Left,1,2,4,76,66,61,72,64,71,75,75,71
203843,28,Brazil,74,Right,1,3,2,73,59,54,70,59,62,63,70,66
230363,24,Brazil,70,Right,1,5,3,76,75,55,67,64,76,73,73,68
208670,23,Brazil,81,Left,2,2,4,84,71,53,85,77,80,90,83,76
137351,32,Brazil,80,Right,2,3,3,73,52,52,82,58,76,62,70,82
190557,29,Brazil,70,Right,1,4,3,77,60,58,75,65,71,82,70,76
201144,27,Brazil,78,Right,2,4,3,69,54,66,82,66,70,64,58,82
178250,30,Brazil,76,Right,1,3,3,58,57,72,74,67,63,70,69,72
224293,19,Brazil,75,Right,2,3,3,72,59,61,80,64,73,75,70,78
168621,27,Brazil,74,Right,1,3,3,72,64,55,72,65,72,61,65,73
201066,27,Brazil,73,Right,1,5,3,76,69,59,75,71,68,80,77,69
182166,29,Brazil,74,Left,1,3,3,77,62,57,75,52,75,72,63,72
206407,32,Brazil,76,Right,2,3,3,77,54,55,74,52,77,67,55,69
206651,27,Brazil,77,Right,1,4,2,71,73,52,76,63,72,70,81,70
193839,29,Brazil,74,Right,1,2,3,75,60,56,76,57,76,75,52,73
204691,26,Brazil,76,Right,1,2,3,74,70,49,79,69,74,67,73,74
200469,25,Brazil,76,Right,2,3,3,74,64,45,79,63,78,73,60,74
228698,20,Brazil,75,Right,1,4,3,71,71,59,76,76,75,75,75,68
198657,23,Brazil,74,Right,1,3,2,70,48,60,71,61,66,72,54,67
158810,32,Brazil,77,Right,3,4,2,70,56,68,76,76,72,64,68,81
190584,26,Brazil,79,Right,2,3,3,65,53,51,82,58,76,78,68,80
201119,26,Brazil,77,Left,1,2,2,72,60,57,73,55,68,65,50,67
172290,29,Brazil,79,Right,1,5,3,69,74,65,83,55,80,72,59,73
206306,24,Brazil,76,Right,1,3,2,68,60,53,81,56,72,71,55,77
142707,33,Brazil,79,Right,2,4,4,66,79,76,75,74,77,76,73,68
199451,25,Brazil,81,Right,2,5,4,73,84,74,77,76,85,80,77,68
219681,22,Brazil,74,Left,1,3,3,75,66,66,69,65,73,68,49,59
212541,29,Brazil,75,Left,1,2,3,76,51,60,69,61,71,71,51,69
52306,31,Brazil,69,Left,2,2,3,86,67,61,79,58,76,86,70,78
6826,35,Brazil,80,Left,2,3,2,80,56,74,83,65,68,78,78,74
223691,30,Brazil,73,Right,1,3,2,73,58,65,69,54,67,77,66,69
112365,31,Brazil,74,Right,1,3,3,71,69,70,77,68,73,73,71,77
182579,31,Brazil,75,Right,1,3,3,67,62,74,70,73,67,62,59,66
184144,28,Brazil,84,Left,3,2,4,83,73,54,82,81,86,88,72,78
200111,25,Brazil,74,Right,2,2,3,76,45,72,69,70,65,81,78,73
184271,26,Brazil,76,Left,1,3,3,67,66,71,77,68,73,60,50,74
199422,25,Brazil,78,Right,1,4,2,70,34,27,81,73,70,80,70,78
199739,25,Brazil,76,Left,1,2,3,73,71,57,75,67,79,78,73,74
190674,25,Brazil,76,Right,1,3,3,72,61,58,80,56,73,68,46,79
216706,24,Brazil,76,Right,1,3,3,62,46,52,75,49,65,63,65,69
186912,28,Brazil,77,Right,2,4,2,78,46,65,76,60,69,65,41,75
190683,25,Brazil,74,Right,1,3,3,70,64,55,79,64,72,70,66,75
147627,32,Brazil,72,Left,2,3,3,70,64,59,75,67,70,62,56,67
108061,30,Brazil,73,Left,2,3,2,77,55,64,74,55,69,81,76,76
52752,31,Brazil,77,Right,2,4,3,80,64,56,78,69,79,79,78,69
191269,26,Brazil,72,Left,1,4,3,69,65,59,73,76,71,71,66,68
183512,26,Brazil,77,Left,1,3,3,78,36,72,66,54,66,77,55,66
186999,26,Brazil,73,Right,1,3,3,67,68,74,70,71,69,64,55,66
189930,26,Brazil,74,Left,2,2,2,76,62,60,70,60,75,76,72,68
189059,26,Brazil,75,Right,1,2,2,65,64,69,78,59,72,69,58,75
177569,28,Brazil,77,Right,2,4,4,77,68,52,78,69,80,79,75,74
173228,30,Brazil,75,Left,2,3,3,80,56,68,68,45,75,82,68,80
190059,24,Brazil,72,Right,1,4,3,69,63,60,71,57,77,78,66,61
223136,23,Brazil,74,Left,1,4,4,67,65,54,63,71,81,82,72,57
176769,32,Brazil,83,Right,3,5,3,70,87,80,74,84,84,85,77,70
192629,28,Brazil,83,Left,2,3,3,67,84,78,80,86,85,83,76,64
175943,29,Brazil,85,Right,3,4,4,77,77,35,80,70,88,80,77,74
172316,29,Brazil,80,Right,2,4,2,81,62,83,76,43,72,70,36,66
194979,28,Brazil,74,Left,1,2,3,73,48,59,72,49,74,68,69,72
156683,32,Brazil,73,Right,1,4,3,67,61,64,73,59,70,63,65,72
112392,34,Brazil,75,Right,1,3,4,67,70,69,78,71,77,73,70,68
183520,26,Brazil,73,Left,1,2,3,71,66,43,73,57,75,82,80,71
162981,30,Brazil,76,Right,2,3,3,83,72,54,78,83,78,64,63,73
152922,31,Brazil,74,Right,2,4,3,67,53,61,75,69,68,73,79,75
204277,27,Brazil,82,Right,1,3,2,67,67,32,89,34,72,46,48,80
212491,22,Brazil,75,Left,1,2,3,75,60,60,71,61,78,69,48,68
187858,24,Brazil,76,Right,1,4,3,72,73,54,73,70,80,76,79,70
193849,25,Brazil,73,Left,1,4,3,75,63,57,73,60,66,73,73,71
228251,20,Brazil,77,Right,1,3,2,72,57,71,82,69,76,69,40,79
204713,24,Brazil,77,Left,1,2,4,76,70,52,74,64,79,72,69,68
192722,29,Brazil,79,Right,2,4,4,79,79,63,78,75,79,78,73,75
201982,26,Brazil,74,Right,2,3,3,72,67,56,73,60,73,76,77,62
204699,25,Brazil,75,Left,1,3,3,70,73,77,67,61,76,74,42,61
51100,36,Brazil,73,Left,2,4,3,76,67,79,73,86,73,76,72,73
169705,26,Brazil,80,Left,2,3,2,79,41,69,76,43,75,74,66,70
177673,27,Brazil,72,Left,1,3,3,68,68,73,73,78,68,77,75,71
134779,30,Brazil,79,Right,2,3,3,73,79,79,79,79,76,67,66,71
158942,30,Brazil,73,Right,1,3,2,74,69,69,69,56,74,62,56,69
205343,23,Brazil,74,Right,1,3,3,76,69,65,77,68,74,66,56,66
176009,28,Brazil,76,Right,2,4,2,74,57,52,80,67,73,74,73,77
224574,20,Brazil,75,Right,1,4,3,67,65,41,76,67,77,68,56,73
217699,28,Brazil,82,Right,3,3,2,58,80,92,73,79,75,73,47,61
230239,32,Brazil,74,Right,1,4,2,72,53,69,76,53,71,64,57,76
184133,28,Brazil,74,Right,1,2,3,66,68,55,75,62,74,71,55,76
200529,26,Brazil,78,Right,2,4,3,75,76,67,77,73,83,77,78,68
198006,27,Brazil,77,Right,1,3,3,78,76,65,78,72,75,78,75,75
213013,22,Brazil,74,Left,1,3,3,68,58,51,69,62,76,48,46,64
175896,29,Brazil,72,Right,1,3,2,66,61,67,73,57,68,68,71,71
198861,24,Brazil,77,Right,1,3,3,67,49,65,79,43,70,69,48,71
211748,22,Brazil,78,Left,1,3,4,72,72,46,80,59,79,79,78,77
177390,31,Brazil,73,Left,2,4,3,66,69,51,78,65,82,80,80,75
230431,24,Brazil,77,Right,1,3,2,71,56,62,75,45,72,81,77,77
199503,23,Brazil,82,Left,3,4,3,68,49,62,85,50,70,68,70,89
184392,26,Brazil,80,Right,2,5,3,71,55,70,75,59,74,69,35,66
215531,23,Brazil,75,Left,1,4,3,79,61,42,76,60,76,82,79,73
199416,26,Brazil,76,Right,1,4,3,77,73,47,73,75,81,85,81,75
138782,32,Brazil,76,Right,2,3,2,72,65,83,82,60,65,65,47,79
208135,23,Brazil,77,Right,1,3,2,68,70,66,79,67,75,41,42,74
190972,25,Brazil,79,Right,2,4,4,77,73,67,74,72,79,75,64,70
198194,27,Brazil,71,Right,1,3,3,66,65,69,72,68,73,54,48,68
203280,26,Brazil,80,Right,2,4,3,75,82,79,78,79,76,76,75,64
205192,22,Brazil,80,Right,2,3,3,77,75,44,84,68,84,82,72,79
193475,26,Brazil,75,Left,1,2,2,77,43,74,71,43,74,75,69,68
189490,29,Brazil,71,Left,1,4,3,72,66,42,73,58,71,74,69,69
138436,32,Brazil,75,Right,2,3,3,75,75,76,72,67,72,64,56,61
102056,32,Brazil,74,Right,2,4,3,76,51,68,75,63,76,76,68,75
49370,33,Brazil,81,Left,3,4,3,66,54,79,84,76,68,67,67,85
153296,29,Brazil,79,Right,2,4,4,76,66,73,81,70,83,82,79,82
199354,27,Brazil,81,Left,2,3,4,74,85,68,77,79,81,83,78,70
177604,30,Brazil,80,Left,2,3,2,78,39,67,77,56,73,74,59,61
206413,26,Brazil,80,Left,1,3,2,61,53,69,81,56,64,53,45,77
231969,23,Brazil,73,Left,1,4,3,76,71,69,75,72,73,80,82,74
229148,22,Brazil,77,Left,1,3,2,77,59,60,74,52,79,68,47,69
194644,25,Brazil,77,Right,1,4,2,76,24,59,69,66,69,77,55,75
153244,30,Brazil,81,Right,3,3,3,72,82,80,73,80,75,77,70,68
202828,24,Brazil,75,Right,1,4,3,72,58,48,78,62,76,74,74,76
156221,32,Brazil,73,Right,2,3,2,73,60,71,71,53,66,66,67,68
226592,20,Brazil,76,Left,1,3,3,70,64,59,78,55,76,71,50,75
198784,22,Brazil,80,Right,2,4,4,75,68,39,77,58,85,67,53,73
183907,27,Brazil,89,Right,4,4,2,69,34,86,75,53,67,56,31,80
203376,24,Brazil,83,Right,1,3,2,53,55,77,74,45,69,60,70,76
172124,30,Brazil,79,Right,2,4,3,65,77,77,74,86,79,75,54,64
152916,32,Brazil,76,Left,1,3,4,78,66,57,77,61,75,82,75,78
187702,25,Brazil,78,Right,1,4,3,73,63,71,80,70,81,77,72,77
31831,33,Brazil,77,Left,2,3,3,83,62,62,80,79,70,85,80,85
225646,25,Brazil,73,Right,1,2,3,68,58,60,70,64,74,70,67,67
199561,29,Brazil,81,Right,3,3,4,79,79,45,76,65,80,83,80,67
197242,26,Brazil,82,Right,3,3,2,59,42,83,79,40,63,46,62,83
236075,32,Brazil,71,Left,1,4,3,75,57,68,72,66,74,74,70,64
203106,22,Brazil,77,Right,2,4,4,72,65,45,77,65,81,76,69,70
208618,25,Brazil,82,Right,2,4,3,85,75,52,80,54,82,82,75,75
184469,26,Brazil,75,Right,1,5,3,62,70,49,80,63,72,64,70,75
210047,24,Brazil,76,Right,2,4,2,65,55,83,75,53,65,65,66,76
230417,28,Brazil,74,Right,1,3,2,42,65,73,76,71,64,53,71,77
173467,27,Brazil,73,Right,1,5,2,63,62,62,73,62,70,64,60,66
186307,26,Brazil,78,Right,1,4,4,74,76,61,76,75,80,76,78,73
158133,31,Brazil,79,Right,2,3,3,80,75,58,77,69,80,81,80,73
218868,26,Brazil,73,Right,1,4,2,75,64,65,72,52,75,66,63,66
209723,27,Brazil,76,Left,1,3,3,65,74,82,69,69,72,69,55,70
189511,27,Brazil,86,Right,4,3,3,62,60,68,88,44,74,66,68,79
161999,32,Brazil,74,Right,2,3,3,75,50,66,76,65,71,68,57,72
160292,30,Brazil,73,Right,2,3,2,74,67,58,76,63,68,80,76,74
185221,28,Brazil,82,Left,3,3,2,61,46,75,77,54,69,42,45,75
188403,27,Brazil,76,Right,1,4,2,48,73,64,78,63,73,64,51,74
188802,28,Brazil,80,Left,2,2,2,79,37,74,74,47,67,74,72,66
211361,21,Brazil,75,Right,1,3,3,70,66,63,78,65,72,67,69,75
189491,29,Brazil,75,Right,1,4,3,64,72,66,74,76,75,75,65,67
194359,29,Brazil,75,Right,2,5,2,75,46,55,67,62,69,68,52,64
167599,28,Brazil,75,Right,2,4,3,79,60,62,78,77,69,85,85,80
212245,22,Brazil,76,Left,2,3,3,71,71,59,80,57,75,65,55,74
209331,24,Brazil,82,Left,2,2,4,71,78,59,78,69,87,59,60,63
230938,19,Brazil,75,Right,1,4,2,64,67,68,76,38,74,55,45,73
203886,25,Brazil,75,Left,1,2,3,66,54,33,75,70,76,69,64,74
208960,29,Brazil,72,Right,1,3,2,63,60,64,68,65,65,68,69,72
188416,26,Brazil,73,Left,1,4,2,67,48,75,78,60,64,74,75,78
230481,24,Brazil,76,Right,1,4,4,75,74,64,74,76,73,86,75,72
181098,32,Brazil,77,Right,2,3,2,76,45,66,77,57,67,71,64,76
193550,28,Brazil,73,Right,1,3,3,65,54,66,74,53,73,58,57,72
207471,27,Brazil,82,Left,2,3,3,73,77,68,83,79,88,82,68,74
212456,29,Brazil,75,Right,1,4,3,68,75,62,74,70,81,63,61,68
210822,22,Brazil,75,Left,1,3,2,78,49,59,72,50,75,68,69,64
174381,33,Brazil,76,Right,1,3,2,74,69,70,81,64,69,67,68,77
188876,30,Brazil,77,Right,1,3,2,76,46,65,84,59,73,72,74,86
142754,32,Brazil,84,Right,4,3,2,63,42,68,79,51,58,63,50,75
170320,28,Brazil,76,Right,2,3,2,78,40,79,70,60,71,64,62,66
211862,25,Brazil,77,Right,2,4,2,80,79,71,73,74,70,67,52,60
208808,24,Brazil,81,Right,2,4,4,73,82,60,74,68,83,75,76,69
189860,25,Brazil,74,Right,1,3,3,74,66,52,73,54,79,65,55,54
113422,34,Brazil,82,Right,3,5,4,71,86,67,76,79,83,83,80,67
178088,28,Brazil,85,Left,3,3,3,83,80,63,86,71,83,84,84,77
188428,28,Brazil,79,Right,2,4,4,46,80,72,73,78,79,79,71,65
222492,20,Brazil,82,Left,2,3,3,75,78,72,75,64,87,82,62,64
226370,19,Brazil,75,Right,1,3,3,64,58,52,76,69,80,71,50,73
201858,24,Brazil,79,Right,2,3,3,68,80,65,75,71,84,76,69,65
183937,28,Brazil,76,Right,2,3,3,78,60,69,75,57,75,55,22,71
191842,30,Brazil,71,Right,2,2,2,68,56,57,68,60,70,60,67,65
231747,17,Brazil,79,Right,1,4,3,70,80,75,75,67,84,74,58,68
186190,25,Brazil,75,Left,1,2,3,62,61,64,73,53,74,38,61,74
210935,21,Brazil,81,Left,2,3,3,76,77,62,75,78,84,72,76,75
201223,24,Brazil,73,Right,1,2,2,64,55,60,71,50,75,54,54,68
202064,31,Brazil,70,Left,1,2,3,67,65,69,71,67,68,67,68,64
209453,28,Brazil,69,Right,1,4,3,72,67,71,64,57,64,64,63,63
198489,27,Brazil,74,Left,2,2,4,73,67,71,69,59,78,68,66,65
193062,25,Brazil,75,Left,1,3,3,75,62,55,67,58,74,68,52,59
201509,26,Brazil,74,Left,1,2,3,78,55,57,76,80,72,76,50,69
174859,28,Brazil,77,Right,1,3,2,68,61,62,82,54,65,76,78,81
182184,27,Brazil,74,Right,1,3,2,70,63,65,77,69,65,67,61,73
148696,32,Brazil,71,Right,1,3,2,73,45,66,70,58,61,80,76,68
181343,28,Brazil,73,Left,1,3,2,79,45,54,73,60,69,76,75,70
189715,26,Brazil,73,Right,1,2,3,78,52,71,82,74,64,85,80,77
227928,22,Brazil,80,Right,1,3,3,75,50,58,70,42,78,60,30,53
199236,25,Brazil,74,Left,1,3,2,75,24,58,67,24,70,76,73,66
201455,23,Brazil,76,Left,2,2,3,59,48,72,78,46,77,63,60,77
186115,26,Brazil,78,Left,2,2,3,76,47,68,74,47,74,64,52,65
219391,23,Brazil,78,Right,1,3,3,63,56,58,78,59,72,63,52,66
183632,29,Brazil,70,Right,1,4,2,68,63,75,70,68,69,69,65,69
213648,20,Brazil,75,Right,2,4,3,66,52,60,76,60,75,69,70,74
204555,28,Brazil,76,Left,2,2,4,80,68,64,77,73,81,78,76,77
187043,25,Brazil,74,Left,1,3,3,69,69,53,76,64,71,71,74,74
169387,32,Brazil,73,Right,1,4,2,65,52,67,74,52,65,65,68,72
211504,21,Brazil,74,Right,1,5,3,76,76,58,77,71,72,79,82,76
216814,22,Brazil,74,Right,1,5,4,61,70,75,76,66,75,68,67,73
164859,27,Brazil,81,Right,3,3,3,77,82,58,75,72,81,76,74,65
227230,24,Brazil,73,Right,1,3,3,60,59,59,72,43,72,68,70,69
161754,29,Brazil,78,Right,2,3,2,47,59,86,80,59,66,55,44,72
189680,25,Brazil,75,Right,2,4,3,71,45,56,71,59,72,57,60,70
211256,23,Brazil,78,Left,1,2,3,66,57,76,67,33,73,61,40,66
216475,28,Brazil,78,Right,1,4,3,76,75,54,71,61,85,78,71,63
103935,31,Brazil,76,Right,2,4,2,79,61,66,82,75,77,80,75,83
216594,22,Brazil,80,Left,2,3,4,73,77,49,78,74,86,80,73,72
220854,21,Brazil,76,Left,1,2,2,69,68,52,79,65,74,73,51,76
148167,35,Brazil,74,Right,1,3,2,68,60,65,72,64,69,64,56,70
189484,25,Brazil,76,Right,2,3,3,76,46,65,74,57,74,74,43,70
143617,30,Brazil,70,Left,1,2,3,79,64,65,69,61,71,81,74,67
139064,34,Brazil,76,Right,2,3,2,67,47,65,75,41,65,57,70,74
178416,28,Brazil,80,Right,2,4,4,83,75,63,79,85,83,71,68,63
187421,27,Brazil,73,Right,1,3,2,64,49,56,73,71,66,71,63,70
218667,21,Brazil,83,Left,2,3,4,78,76,51,84,65,87,77,63,79
201257,26,Brazil,71,Right,1,4,3,67,55,62,73,57,65,66,69,70
197391,27,Brazil,72,Right,1,5,3,74,59,66,71,59,67,71,68,64
105454,29,Brazil,79,Left,2,3,4,70,77,52,78,68,80,82,81,72
197225,27,Brazil,78,Left,2,4,4,76,65,42,79,70,78,81,77,75
148403,30,Brazil,75,Right,1,3,2,61,50,69,74,61,70,54,45,72
198946,27,Brazil,75,Right,2,3,2,75,48,64,66,54,70,70,62,62
201893,25,Brazil,77,Right,1,3,2,64,58,59,81,55,72,76,67,76
186395,26,Brazil,76,Left,1,4,3,76,73,38,71,75,76,72,65,66
179844,27,Brazil,86,Right,4,4,3,65,89,82,67,82,79,62,59,52
184472,28,Brazil,75,Left,2,2,3,69,55,64,69,65,72,64,53,66
193290,25,Brazil,77,Right,2,4,4,71,77,66,77,73,76,71,75,65
190782,27,Brazil,76,Right,2,3,3,68,65,67,73,57,67,55,54,71
228908,26,Brazil,69,Left,1,4,3,75,69,65,72,71,70,71,75,70
186674,29,Brazil,71,Left,1,5,3,60,62,70,69,59,71,67,58,71
200054,24,Brazil,77,Right,1,3,2,68,50,70,80,60,74,56,62,78
221838,24,Brazil,74,Right,2,3,3,76,71,54,77,74,76,78,75,75
170664,30,Brazil,75,Left,2,3,4,72,64,62,76,65,80,73,73,72
199633,27,Brazil,76,Right,1,3,2,75,52,69,71,75,71,68,46,63
157678,30,Brazil,75,Right,1,4,2,62,46,76,75,54,63,68,62,80
177149,30,Brazil,76,Left,1,3,2,80,48,65,76,56,62,62,59,69
194845,25,Brazil,79,Right,1,4,3,82,80,52,81,65,80,80,83,69
165490,33,Brazil,76,Right,2,3,2,70,58,60,78,60,78,68,50,74
203747,21,Brazil,80,Right,2,3,3,74,52,60,74,41,76,63,50,59
163369,28,Brazil,73,Left,1,3,3,76,50,63,66,59,70,73,69,64
186801,26,Brazil,77,Right,1,3,2,54,65,80,68,50,68,39,47,64
176062,30,Brazil,75,Right,2,4,3,76,66,69,78,64,71,70,73,71
184344,29,Brazil,87,Right,3,3,2,44,37,84,75,58,68,56,61,83
207939,26,Brazil,78,Right,1,3,2,62,59,60,80,62,69,66,54,72
202166,22,Brazil,83,Right,3,5,4,78,75,65,83,84,87,78,72,72
51123,33,Brazil,77,Right,2,4,2,68,58,76,84,60,76,76,69,80
173673,30,Brazil,70,Left,1,2,3,67,64,55,73,71,70,66,74,65
179768,28,Brazil,77,Right,2,3,2,69,53,69,76,31,66,43,53,73
216466,22,Brazil,78,Left,2,2,3,76,37,52,75,32,79,66,72,65
178372,32,Brazil,80,Right,3,3,2,72,57,87,68,48,58,70,48,56
165787,32,Brazil,73,Right,1,3,3,67,55,64,75,68,69,67,65,76
173146,30,Brazil,76,Right,2,4,2,76,58,48,82,70,71,76,78,82
225475,22,Brazil,75,Right,1,2,2,63,66,74,76,57,69,54,75,72
185174,26,Brazil,76,Right,2,3,3,68,61,56,80,69,77,72,68,74
106231,35,Brazil,84,Right,2,3,3,54,85,94,71,84,79,61,54,52
205895,25,Brazil,73,Right,1,3,3,63,52,51,75,66,70,70,63,71
139869,32,Brazil,83,Right,3,5,3,83,72,32,86,80,83,88,85,83
175847,29,Brazil,77,Right,1,2,2,75,56,61,70,50,77,63,38,63
188840,29,Brazil,78,Right,2,4,3,82,40,65,75,55,72,70,55,70
203594,31,Brazil,73,Right,1,4,3,61,65,53,67,69,63,62,59,73
172285,29,Brazil,74,Right,1,3,2,60,51,63,79,43,65,82,80,75
178616,28,Brazil,76,Left,1,3,3,69,75,70,76,51,76,81,69,71
202556,22,Brazil,79,Right,3,2,4,67,72,55,73,69,83,85,88,63
230347,28,Brazil,76,Left,1,4,3,74,51,69,71,47,73,51,52,71
167553,29,Brazil,80,Left,1,3,2,73,40,66,67,57,73,65,62,65
201215,23,Brazil,77,Left,1,2,3,81,64,40,77,69,82,79,76,73
49488,32,Brazil,75,Right,2,3,3,78,60,61,80,63,69,69,73,79
199715,26,Brazil,83,Right,2,4,3,80,79,65,81,75,86,76,62,82
190536,30,Brazil,73,Right,1,4,3,65,65,58,74,71,70,73,66,72
167397,30,Brazil,82,Right,3,4,3,55,84,90,67,84,74,83,71,53
185373,28,Brazil,77,Right,2,4,3,71,72,66,77,66,74,67,76,75
220609,20,Brazil,75,Right,1,4,3,74,68,55,78,64,74,73,74,74
230234,32,Brazil,76,Right,1,4,2,75,56,56,73,58,75,48,73,74
225402,23,Brazil,75,Right,1,3,2,72,52,63,72,62,75,72,35,67
185020,29,Brazil,83,Right,3,2,3,77,76,65,75,84,82,65,65,51
53630,32,Brazil,77,Left,2,3,2,62,50,77,68,66,65,59,60,77
157392,32,Brazil,71,Left,2,3,2,73,38,60,72,56,69,72,75,70
199286,25,Brazil,77,Right,2,2,2,71,58,58,76,31,70,56,47,66
215018,26,Brazil,73,Left,1,3,4,69,62,58,71,64,75,76,78,69
210603,24,Brazil,74,Right,1,4,3,69,48,53,75,55,69,68,65,69
175253,36,Brazil,71,Left,1,4,3,77,49,59,75,48,72,72,71,76
203605,24,Brazil,78,Right,2,2,2,83,56,69,75,57,74,54,52,69
200601,26,Brazil,70,Right,2,4,4,68,73,54,74,64,71,74,75,71
187924,25,Brazil,75,Right,2,4,4,74,62,71,79,72,77,76,80,80
186993,26,Brazil,70,Right,1,4,4,66,66,59,71,80,70,75,72,67
207785,28,Brazil,74,Left,1,5,2,72,67,53,70,64,74,66,45,72
165517,30,Brazil,77,Right,3,4,2,64,47,59,80,55,71,66,67,74
205330,23,Brazil,71,Left,1,2,3,63,64,53,72,61,71,61,66,66
208418,22,Brazil,84,Right,3,4,4,80,78,53,77,68,90,81,78,72
169345,29,Brazil,74,Left,1,3,3,76,48,59,72,63,69,75,81,65
235210,23,Brazil,73,Right,1,3,3,65,60,54,76,51,75,76,75,74
171321,29,Brazil,74,Right,1,3,3,75,62,69,77,69,69,77,76,72
165109,29,Brazil,79,Left,2,3,2,67,55,70,71,51,66,45,48,67
207566,24,Brazil,83,Right,3,4,3,66,56,73,83,57,79,76,50,86
204401,25,Brazil,74,Right,1,3,2,78,41,57,71,47,73,56,43,66
209236,25,Brazil,76,Right,1,4,2,62,55,63,78,59,64,64,68,75
230353,32,Brazil,73,Left,1,3,3,75,68,52,68,60,76,59,46,70
152991,32,Brazil,72,Right,1,3,2,68,65,64,76,66,70,61,62,75
223627,27,Brazil,79,Right,2,4,4,66,80,77,69,67,71,69,74,64
212269,19,Brazil,75,Right,2,3,3,70,58,63,79,69,76,68,41,74
102356,34,Brazil,70,Right,2,4,3,75,65,64,75,61,69,75,76,73
214047,25,Brazil,71,Right,1,3,3,70,61,67,72,43,65,63,66,76
177105,29,Brazil,73,Right,1,4,3,84,72,58,77,57,70,82,80,82
207441,22,Brazil,79,Right,1,3,4,66,82,69,79,81,86,83,70,59
167797,26,Brazil,72,Right,1,3,3,72,59,59,66,57,72,63,57,63
189271,25,Brazil,79,Right,2,3,3,60,41,60,75,43,72,55,41,71
202238,23,Brazil,70,Right,1,2,3,64,66,66,71,58,72,61,60,66
203486,23,Brazil,80,Right,2,3,4,75,79,38,79,77,85,80,73,71
165190,29,Brazil,74,Left,2,2,3,68,62,72,76,53,63,69,53,70
215071,28,Brazil,75,Right,1,4,2,68,58,62,70,21,70,68,58,65
138918,31,Brazil,75,Right,2,3,2,65,61,69,78,60,70,49,59,76
198455,26,Brazil,71,Right,1,4,2,74,60,54,66,56,64,69,72,65
219576,24,Brazil,75,Right,1,4,2,49,62,68,74,59,73,60,66,70
199183,26,Brazil,73,Left,1,4,3,69,59,58,74,64,68,73,64,70
192505,23,Brazil,85,Left,3,4,3,68,88,84,71,76,76,64,66,68
183249,29,Brazil,78,Right,2,3,3,75,77,74,73,76,78,78,71,59
200478,24,Brazil,74,Right,1,3,3,61,66,62,77,65,72,64,62,76
193414,25,Brazil,69,Left,1,3,3,68,54,62,67,46,71,77,71,67
184575,27,Brazil,77,Left,2,4,4,78,73,53,70,75,77,78,79,68
225018,23,Brazil,79,Right,1,3,3,62,79,76,64,77,73,58,55,53
198386,30,Brazil,72,Left,1,3,3,75,56,55,66,57,75,72,65,61
183527,27,Brazil,69,Right,1,3,2,58,59,65,66,44,65,65,66,65
210000,25,Brazil,69,Right,1,4,3,68,70,62,73,58,70,67,70,67
208923,25,Brazil,71,Right,1,4,3,66,61,60,75,60,73,64,58,74
226807,21,Brazil,72,Right,1,3,3,66,62,63,73,49,70,69,40,70
193535,29,Brazil,69,Right,1,3,3,62,55,69,65,68,68,66,71,65
200754,24,Brazil,75,Right,2,4,3,68,56,70,77,64,71,75,62,76
155946,28,Brazil,77,Left,2,3,3,80,74,44,79,65,79,82,82,71
191032,24,Brazil,78,Left,2,4,4,78,66,59,75,70,84,77,70,77
152729,29,Brazil,87,Right,4,3,2,57,64,83,81,57,59,58,43,80
110368,36,Brazil,69,Left,1,2,2,83,59,49,70,64,61,80,86,76
189390,27,Brazil,77,Left,2,2,2,78,50,68,74,47,73,59,70,73
53827,34,Brazil,68,Left,2,3,3,75,65,65,68,69,69,77,79,70
146460,32,Brazil,79,Right,2,3,3,59,54,60,78,53,62,70,62,72
189505,28,Brazil,83,Right,3,5,4,78,81,55,83,70,84,81,57,70
225555,23,Brazil,72,Right,1,2,2,73,52,64,68,59,75,70,63,67
208450,20,Brazil,73,Right,1,4,3,68,68,59,75,76,69,73,80,74
167549,29,Brazil,76,Right,1,3,3,76,61,57,74,37,66,70,71,71
212153,22,Brazil,77,Right,1,2,2,64,55,68,80,69,75,67,39,74
156616,33,Brazil,86,Right,4,4,5,81,76,41,86,80,90,83,81,75
220834,20,Brazil,82,Left,1,3,4,80,75,50,86,76,82,84,76,81
184501,25,Brazil,76,Right,1,4,2,78,63,77,75,75,54,45,55,74
192732,26,Brazil,73,Left,2,3,2,73,61,55,72,63,73,71,68,67
192371,29,Brazil,73,Right,2,3,2,62,51,64,70,60,74,54,53,71
172322,28,Brazil,71,Right,1,4,3,67,54,62,67,67,67,69,67,64
189410,26,Brazil,76,Right,1,4,2,71,33,61,78,47,71,54,59,76
143076,28,Brazil,82,Right,2,4,4,80,72,36,80,72,87,77,69,72
190824,24,Brazil,74,Right,1,3,3,73,42,60,73,55,75,72,60,68
150565,32,Brazil,74,Left,2,3,3,72,48,69,70,57,67,68,55,66
181820,26,Brazil,80,Right,2,4,4,72,80,68,78,79,85,85,72,64
202223,27,Brazil,74,Right,1,4,4,66,73,57,71,61,82,78,66,56
219985,24,Brazil,78,Right,1,3,3,68,60,60,80,62,74,60,58,76
210384,23,Brazil,75,Left,1,3,3,72,47,58,68,49,77,67,54,60
202857,26,Brazil,83,Right,3,3,4,78,75,48,81,72,87,70,58,62
210281,34,Brazil,72,Right,1,3,2,51,65,68,74,67,65,71,67,72
107647,33,Brazil,73,Right,2,3,3,74,62,60,77,72,75,60,72,76
188103,25,Brazil,78,Left,1,2,4,75,70,54,78,68,79,76,68,76
198553,26,Brazil,75,Right,1,3,2,69,32,57,68,62,69,67,54,66
195272,24,Brazil,71,Right,1,3,3,73,43,65,70,69,71,69,68,67
193420,27,Brazil,76,Right,2,4,3,67,31,54,76,48,75,58,51,73
197838,27,Brazil,71,Right,1,3,3,70,57,51,77,57,69,70,71,69
210950,28,Brazil,77,Right,1,3,3,68,71,71,74,60,83,77,62,66
183453,27,Brazil,71,Right,2,2,2,48,71,80,72,60,65,67,70,66
52498,33,Brazil,76,Right,2,3,2,66,58,65,79,56,65,70,71,74
220414,23,Brazil,76,Left,1,2,2,76,38,69,70,53,66,71,69,57
202151,22,Brazil,74,Left,1,3,2,76,46,51,73,66,71,72,69,76
195202,25,Brazil,76,Left,1,2,3,70,66,58,81,61,75,73,72,74
189725,26,Brazil,78,Right,2,3,3,74,64,48,83,68,79,59,62,80
202282,24,Brazil,72,Right,1,3,3,64,68,66,75,62,73,67,69,69
199504,25,Brazil,72,Right,1,3,2,71,54,46,72,53,68,53,63,68
186146,25,Brazil,80,Right,3,3,3,69,77,75,77,76,81,61,62,64
186935,28,Brazil,73,Right,1,3,3,69,64,65,73,67,68,67,68,71
210665,24,Brazil,74,Left,1,3,2,75,57,71,75,47,67,74,72,57
203980,23,Brazil,78,Right,2,4,3,73,74,57,78,71,80,78,78,74
168567,35,Brazil,73,Right,1,3,3,64,68,55,73,60,71,72,70,72
163303,32,Brazil,76,Right,2,4,3,71,63,64,74,59,64,70,75,70
205678,26,Brazil,79,Right,2,4,3,76,80,45,75,73,81,70,56,62
142454,29,Brazil,73,Right,1,4,2,71,62,49,77,69,64,83,81,80
188992,28,Brazil,71,Left,1,4,3,70,47,63,69,68,71,69,70,69
186456,28,Brazil,76,Left,1,3,3,61,41,74,79,42,69,80,74,78
232076,26,Brazil,73,Right,1,3,3,70,62,62,65,46,69,55,65,63
190671,29,Brazil,73,Left,2,4,2,74,62,58,75,58,71,69,50,70
178213,27,Brazil,77,Right,2,3,2,70,66,70,79,61,76,61,30,77
198908,25,Brazil,72,Right,1,3,3,67,47,59,73,58,66,65,65,72
169607,28,Brazil,77,Right,2,3,2,61,49,66,74,58,64,57,58,76
222509,19,Brazil,78,Right,1,3,3,70,59,37,79,57,79,69,61,78
199652,22,Brazil,76,Right,2,4,3,76,65,62,80,70,75,74,67,74
216520,24,Brazil,69,Right,1,3,2,66,61,62,67,62,64,73,58,66
198118,25,Brazil,80,Right,2,3,2,52,49,78,77,49,67,42,53,75
230381,32,Brazil,75,Left,1,3,2,70,50,75,74,59,68,52,70,77
168542,30,Brazil,87,Left,4,2,4,85,70,54,91,80,85,83,77,78
192086,25,Brazil,76,Right,2,3,3,68,74,73,70,70,79,75,72,66
202685,25,Brazil,79,Left,2,3,3,52,80,80,65,79,76,68,56,45
134820,31,Brazil,74,Right,2,3,3,64,58,46,77,55,69,68,53,68
200641,26,Brazil,81,Right,2,4,4,78,78,49,79,67,85,83,80,78
214770,28,Brazil,74,Right,1,3,2,68,63,68,74,46,71,53,41,72
170159,28,Brazil,74,Left,1,3,2,68,48,70,70,67,66,72,70,71
140196,36,Brazil,72,Right,3,3,3,78,67,60,75,64,69,82,86,74
234195,20,Brazil,71,Left,1,3,2,76,54,66,70,55,74,67,53,69
172114,30,Brazil,79,Right,2,3,3,78,79,68,78,74,77,80,79,76
212404,22,Brazil,81,Left,2,3,4,76,71,48,79,70,86,78,78,70
225193,20,Brazil,75,Left,1,3,2,59,62,79,79,58,76,68,69,74
171919,33,Brazil,83,Right,3,4,2,45,57,93,73,60,60,52,76,70
177935,29,Brazil,71,Left,2,3,3,75,50,68,77,59,78,76,68,73
181402,27,Brazil,79,Right,2,3,2,64,50,62,77,56,70,52,45,74
3281,32,Brazil,75,Right,1,3,3,62,68,78,77,70,71,65,57,70
207494,23,Brazil,78,Right,1,3,3,71,72,61,75,64,78,72,56,65
230184,28,Brazil,77,Left,1,3,2,76,45,60,73,55,76,54,49,59
134941,33,Brazil,72,Right,2,4,3,70,67,69,74,66,66,70,58,70
206124,30,Brazil,75,Right,1,3,2,55,59,74,73,68,71,51,62,70
186672,30,Brazil,76,Right,1,3,2,60,54,73,73,56,69,60,60,66
210583,20,Brazil,76,Right,2,4,3,67,72,47,76,66,76,83,78,69
153298,31,Brazil,73,Right,2,3,2,68,58,67,81,62,68,76,73,72
220673,20,Brazil,72,Right,1,4,2,59,43,75,71,63,79,64,65,66
209610,28,Brazil,76,Right,1,3,2,55,40,55,79,48,60,60,62,68
198951,25,Brazil,81,Right,2,4,3,74,81,71,75,78,80,68,54,66
167661,31,Brazil,74,Right,1,4,3,66,62,65,77,46,72,70,71,71
182859,31,Brazil,74,Right,2,3,2,65,42,47,65,62,61,64,69,62
194079,25,Brazil,77,Right,1,4,3,74,66,62,78,54,82,74,40,76
232883,24,Brazil,72,Right,1,3,3,68,66,56,70,61,73,59,67,72
179736,28,Brazil,71,Right,1,4,3,63,64,60,74,70,72,67,48,71
112316,32,Brazil,81,Left,2,2,2,79,51,83,66,68,44,80,71,76
189574,27,Brazil,81,Right,2,3,2,57,60,78,86,47,69,68,66,84
206304,25,Brazil,76,Right,1,2,3,60,54,74,76,42,63,62,75,76
215886,27,Brazil,74,Right,1,3,2,56,69,69,75,50,72,68,76,75
137406,33,Brazil,74,Right,1,3,3,68,51,50,78,51,75,61,59,74
178625,28,Brazil,77,Left,2,3,2,61,58,65,81,51,65,79,70,80
156423,32,Brazil,71,Right,1,4,2,66,63,52,71,56,65,70,68,76
177666,29,Brazil,76,Right,2,4,3,68,72,77,74,75,74,73,52,69
202335,22,Brazil,79,Right,2,3,2,67,44,83,75,52,60,54,77,76
223874,21,Brazil,75,Right,1,4,2,58,61,41,77,65,75,72,64,76
173204,29,Brazil,77,Left,2,3,2,76,58,72,72,43,73,69,41,68
201327,28,Brazil,73,Right,1,4,3,61,61,66,72,64,62,54,55,74
230348,24,Brazil,74,Left,1,3,3,73,48,72,66,58,72,80,65,74
211368,21,Brazil,80,Right,2,4,4,73,69,52,72,60,86,75,69,68
180250,29,Brazil,70,Left,1,3,3,62,69,61,71,69,70,62,59,69
178470,28,Brazil,71,Left,1,2,3,78,52,58,70,65,64,70,70,65
